Patient_ID,Adipocytes,Astrocytes,B-cells,Basophils,CD4+ T-cells,CD4+ Tcm,CD4+ Tem,CD4+ memory T-cells,CD4+ naive T-cells,CD8+ T-cells,CD8+ Tcm,CD8+ Tem,CD8+ naive T-cells,CLP,CMP,Chondrocytes,Class-switched memory B-cells,DC,Endothelial cells,Eosinophils,Epithelial cells,Erythrocytes,Fibroblasts,GMP,HSC,Hepatocytes,Keratinocytes,MEP,MPP,MSC,Macrophages,Macrophages M1,Macrophages M2,Mast cells,Megakaryocytes,Melanocytes,Memory B-cells,Mesangial cells,Monocytes,Myocytes,NK cells,NKT,Neurons,Neutrophils,Osteoblast,Pericytes,Plasma cells,Platelets,Preadipocytes,Sebocytes,Skeletal muscle,Smooth muscle,Tgd cells,Th1 cells,Th2 cells,Tregs,aDC,cDC,iDC,ly Endothelial cells,mv Endothelial cells,naive B-cells,pDC,pro B-cells,ImmuneScore,StromaScore,MicroenvironmentScore
01BR001,0.0385,0.0327,0.0,0.1325,0.0,0.0,0.0,0.0,0.0,0.0,0.0,0.0,0.0,0.0147,0.0,0.0186,0.0052,0.0,0.0126,0.0,0.1554,0.0,0.0,0.0,0.011,0.0,0.0318,0.0003,0.0,0.0,0.0082,0.0167,0.0,0.0023,0.0006,0.0197,0.0067,0.0165,0.0,0.0062,0.0,0.0913,0.0008,0.0072,0.0272,0.0,0.0067,0.0,0.0137,0.0175,0.0,0.2419,0.0,0.0622,0.1785,0.0,0.016,0.0299,0.0017,0.0003,0.0108,0.0,0.0,0.0103,0.0118,0.0256,0.0374
01BR008,0.0,0.0,0.5911,0.2646,0.0,0.0,0.0,0.0528,0.0504,0.1691,0.2027,0.1077,0.0169,0.0001,0.0,0.0,0.1684,0.0242,0.0066,0.0,0.0692,0.0,0.0,0.0,0.0,0.0022,0.0095,0.0418,0.0,0.1008,0.1167,0.1375,0.0,0.0272,0.0,0.0156,0.2298,0.0099,0.0,0.0,0.0,0.1213,0.0,0.0,0.0009,0.0,0.1111,0.0,0.028,0.0065,0.0,0.0,0.0,0.4321,0.323,0.0,0.3086,0.0814,0.0249,0.0,0.0263,0.0306,0.1655,0.1396,0.6189,0.0033,0.6222
01BR009,0.0,0.1452,0.0679,0.1288,0.0,0.0,0.0108,0.0055,0.0,0.0047,0.0,0.0,0.0,0.0004,0.0,0.1249,0.0281,0.0158,0.0894,0.0,0.1259,0.0,0.0,0.0,0.0895,0.0019,0.0621,0.006,0.0,0.0623,0.0921,0.0952,0.0009,0.0077,0.0017,0.0357,0.0033,0.0273,0.0047,0.0128,0.0,0.0582,0.0021,0.0,0.0523,0.074,0.0721,0.0,0.0199,0.0359,0.0066,0.1566,0.0,0.0235,0.1151,0.0059,0.0752,0.0592,0.1867,0.023,0.0531,0.0,0.0216,0.0133,0.1286,0.0447,0.1733
01BR010,0.0382,0.0729,0.0,0.0,0.0,0.0,0.0499,0.0,0.0,0.0,0.0,0.0,0.0,0.0023,0.0,0.019,0.0081,0.0322,0.0098,0.0091,0.134,0.0,0.0,0.0,0.047,0.0,0.0127,0.0438,0.0,0.4469,0.0163,0.0114,0.0,0.0,0.0003,0.0043,0.0,0.0,0.0,0.0,0.0,0.1918,0.0001,0.0,0.0,0.0,0.0103,0.0,0.0,0.0123,0.0,0.1002,0.0,0.0445,0.053,0.0,0.0,0.1041,0.3246,0.0,0.0054,0.0,0.0112,0.0,0.0384,0.024,0.0624
01BR015,0.0232,0.0048,0.0,0.0947,0.0,0.0,0.0275,0.0199,0.0,0.0058,0.0,0.0,0.0001,0.0072,0.0045,0.0418,0.0361,0.0136,0.0415,0.0,0.0855,0.0,0.0181,0.0,0.1176,0.0,0.0021,0.0112,0.0,0.2658,0.0713,0.0326,0.0289,0.0258,0.0042,0.0035,0.0,0.0211,0.0,0.0,0.0,0.0697,0.0,0.0,0.0,0.0,0.0,0.0,0.0059,0.0064,0.0002,0.1515,0.0,0.0312,0.0632,0.0,0.1378,0.0815,0.0232,0.0085,0.0224,0.0,0.0,0.0,0.0777,0.0414,0.1191
01BR017,0.0434,0.0639,0.059,0.1392,0.0,0.0,0.0132,0.0382,0.0,0.0142,0.0484,0.0,0.0,0.0,0.0,0.027,0.0357,0.0325,0.0169,0.0045,0.1231,0.0,0.0,0.0,0.0075,0.0003,0.0172,0.048,0.0,0.0759,0.1141,0.113,0.0,0.0148,0.0,0.0104,0.013,0.0245,0.0,0.0,0.0,0.084,0.0,0.0,0.0196,0.0,0.0239,0.0,0.0432,0.0132,0.0,0.2298,0.0,0.061,0.2848,0.0,0.1499,0.0969,0.2476,0.0,0.007,0.0,0.0497,0.0082,0.1594,0.0302,0.1896
01BR018,0.0058,0.1395,0.1267,0.161,0.0,0.0,0.0,0.0763,0.0,0.0397,0.1074,0.0235,0.0062,0.0075,0.0,0.0588,0.1058,0.0696,0.0038,0.0,0.0831,0.0003,0.056,0.0,0.0,0.0018,0.0567,0.0397,0.0,0.0445,0.0727,0.057,0.0,0.0091,0.0,0.0281,0.0451,0.0523,0.0,0.003,0.0,0.0173,0.002,0.0,0.0,0.0184,0.0184,0.0,0.0,0.0312,0.0007,0.1154,0.0,0.1213,0.3612,0.0055,0.2024,0.3793,0.3381,0.0,0.0104,0.0013,0.1258,0.0342,0.2119,0.0328,0.2447
01BR020,0.0155,0.1284,0.0867,0.0185,0.0089,0.0,0.0768,0.0456,0.0,0.0628,0.0325,0.0285,0.0085,0.02,0.0,0.0,0.0287,0.0212,0.016,0.0,0.0215,0.0019,0.0,0.0,0.0318,0.0,0.0033,0.0366,0.0,0.0892,0.1205,0.0796,0.0307,0.0059,0.0,0.0043,0.0176,0.0,0.0,0.0008,0.0,0.0135,0.0007,0.0,0.0173,0.0125,0.014,0.0138,0.0288,0.0013,0.0,0.1344,0.0,0.1619,0.2986,0.0213,0.1549,0.1437,0.0738,0.0,0.013,0.0,0.0234,0.0587,0.204,0.0158,0.2198
01BR023,0.0,0.0,0.0,0.1837,0.0,0.0,0.0,0.0,0.0,0.0,0.0,0.0,0.0019,0.0173,0.0,0.0,0.0272,0.0,0.0085,0.0,0.0248,0.0,0.0,0.0,0.0403,0.0,0.0,0.0645,0.0,0.0086,0.0,0.0,0.0,0.0214,0.0,0.013,0.0,0.0,0.0,0.0038,0.0,0.0664,0.0045,0.0,0.0905,0.0,0.0053,0.0,0.0479,0.0,0.0,0.306,0.0,0.1341,0.0,0.0,0.0,0.0018,0.0,0.0,0.0138,0.0,0.0,0.0,0.0143,0.0042,0.0185
01BR025,0.0,0.0,0.0068,0.1362,0.0,0.0,0.0,0.0134,0.0,0.0,0.0,0.0,0.0,0.0159,0.0,0.0,0.0277,0.0,0.0036,0.0,0.0592,0.0005,0.0,0.0,0.0293,0.0,0.0,0.0314,0.0,0.0303,0.0749,0.0421,0.0038,0.0224,0.0,0.0122,0.0,0.0137,0.0,0.0025,0.0,0.0867,0.0026,0.0005,0.0263,0.0,0.011,0.0,0.0437,0.0062,0.0,0.2697,0.0,0.0647,0.068,0.0,0.0168,0.0538,0.0,0.0,0.0,0.0,0.0,0.0,0.0697,0.0018,0.0715
01BR026,0.0284,0.3175,0.0323,0.0009,0.0,0.0,0.0722,0.0092,0.0216,0.0779,0.046,0.0151,0.0,0.0,0.0,0.1673,0.0242,0.0201,0.063,0.0107,0.0544,0.0002,0.1241,0.0079,0.1611,0.0,0.016,0.0168,0.0,0.239,0.1429,0.0806,0.0461,0.0071,0.004,0.0495,0.0063,0.0257,0.0314,0.0,0.0,0.0889,0.0004,0.0,0.0,0.1017,0.0,0.0,0.0,0.0038,0.0,0.0299,0.0,0.0588,0.0601,0.0,0.1677,0.2956,0.0985,0.0081,0.0449,0.0002,0.0038,0.0,0.2149,0.1078,0.3227
01BR027,0.0,0.0,0.0451,0.0423,0.0,0.0,0.0,0.0362,0.0,0.0,0.0162,0.0,0.0,0.0067,0.0,0.0332,0.025,0.0098,0.0,0.0,0.0917,0.0,0.0153,0.0,0.0,0.0,0.0261,0.0432,0.0,0.0,0.0615,0.061,0.0,0.014,0.0012,0.0103,0.0047,0.0261,0.0,0.0191,0.0,0.0543,0.0001,0.0,0.0151,0.0,0.0087,0.0,0.0573,0.0047,0.0,0.2505,0.0,0.0751,0.5216,0.0,0.0597,0.0364,0.0747,0.0,0.0,0.0011,0.0059,0.034,0.0869,0.0076,0.0946
01BR030,0.0,0.0,0.2186,0.0,0.0015,0.0,0.1048,0.0507,0.0203,0.1868,0.207,0.0539,0.0012,0.0,0.0124,0.0,0.1431,0.009,0.0263,0.0001,0.014,0.0,0.0,0.0535,0.0471,0.0,0.0,0.0054,0.0269,0.1055,0.1198,0.0838,0.0139,0.0827,0.0033,0.0125,0.0277,0.0098,0.0204,0.0048,0.0,0.0799,0.0006,0.0,0.0205,0.0,0.1041,0.0001,0.0626,0.0,0.0,0.2239,0.0148,0.0527,0.0547,0.0073,0.0996,0.0871,0.0573,0.0007,0.0201,0.0,0.0541,0.0075,0.4259,0.0132,0.4391
01BR031,0.0001,0.217,0.0,0.0164,0.0,0.0,0.0,0.007,0.0,0.0,0.0,0.0,0.0,0.0037,0.0,0.0182,0.0112,0.0074,0.0477,0.0052,0.1316,0.0027,0.0304,0.0026,0.0525,0.0016,0.0357,0.0253,0.0,0.0599,0.0623,0.0686,0.0,0.0,0.0051,0.0243,0.0,0.0091,0.0145,0.0025,0.0,0.0348,0.0006,0.0096,0.0009,0.0631,0.004,0.0,0.0378,0.0138,0.002,0.1844,0.0,0.0368,0.2485,0.0,0.0243,0.0458,0.1567,0.0114,0.0237,0.0,0.0056,0.0016,0.066,0.0391,0.1051
01BR032,0.0,0.0,0.0,0.1371,0.0,0.0,0.0,0.0,0.0,0.0,0.0,0.0,0.0,0.011,0.0,0.0,0.0,0.0,0.0071,0.0,0.0589,0.0,0.0,0.0,0.0074,0.0,0.0013,0.007,0.0,0.1176,0.0151,0.0078,0.0,0.0099,0.0,0.0052,0.0,0.0,0.0,0.0,0.0,0.0169,0.0242,0.0,0.0714,0.0,0.0062,0.0,0.0452,0.0006,0.0,0.2389,0.0,0.0679,0.1356,0.0,0.0,0.0,0.0,0.0,0.0063,0.0,0.0054,0.0209,0.0167,0.0036,0.0202
01BR033,0.0745,0.0942,0.049,0.0,0.0,0.0,0.0205,0.0303,0.0,0.0052,0.009,0.0,0.0,0.0204,0.0,0.0403,0.0255,0.0217,0.0667,0.003,0.1288,0.0005,0.057,0.0215,0.1419,0.0,0.0219,0.0283,0.0,0.0943,0.0872,0.0668,0.0044,0.0096,0.0062,0.0153,0.0107,0.018,0.0138,0.0,0.0,0.1043,0.0009,0.0,0.0,0.0,0.0178,0.0,0.0036,0.0108,0.0,0.3017,0.0,0.01,0.1224,0.0,0.1033,0.1187,0.1984,0.0178,0.0298,0.0,0.0048,0.0,0.1263,0.0991,0.2254
01BR040,0.0177,0.0521,0.1612,0.0766,0.0,0.0,0.054,0.0417,0.0,0.056,0.1014,0.0573,0.0,0.0068,0.0,0.0,0.0479,0.0684,0.0103,0.0069,0.1067,0.0,0.0003,0.0,0.0393,0.0,0.056,0.0562,0.0,0.08,0.1664,0.158,0.0158,0.0016,0.0,0.0234,0.0479,0.0092,0.0142,0.0048,0.0,0.0697,0.0001,0.0,0.0,0.0,0.0651,0.0,0.0206,0.0341,0.0024,0.0538,0.0,0.2684,0.4345,0.0,0.3141,0.1946,0.3778,0.0,0.0167,0.0,0.0959,0.0796,0.3165,0.0142,0.3306
01BR042,0.0001,0.0,0.0563,0.1667,0.0,0.0,0.0,0.0074,0.0,0.0,0.005,0.0,0.0,0.0095,0.0,0.0052,0.0164,0.0009,0.0086,0.0,0.117,0.0,0.001,0.0,0.0007,0.0,0.0247,0.0604,0.0,0.0993,0.1433,0.1289,0.0,0.0,0.0,0.0351,0.0528,0.0168,0.0,0.0,0.0,0.1439,0.0,0.0,0.0496,0.0,0.0158,0.0,0.0,0.0093,0.0,0.124,0.0,0.117,0.4067,0.0,0.0808,0.0109,0.0047,0.0,0.0174,0.0,0.0434,0.0811,0.1337,0.0048,0.1385
01BR043,0.0,0.0,0.1098,0.0531,0.0,0.0,0.0227,0.0818,0.0,0.0844,0.1523,0.0655,0.0083,0.0215,0.0,0.0,0.0665,0.048,0.0,0.0,0.1742,0.0,0.0,0.0,0.0028,0.0,0.0966,0.0509,0.0,0.0,0.1346,0.0974,0.0,0.01,0.0,0.0028,0.0091,0.0239,0.0008,0.0029,0.0167,0.0133,0.0006,0.0,0.0208,0.0,0.0155,0.0069,0.0,0.0307,0.0,0.2917,0.0,0.1811,0.5756,0.017,0.1756,0.1391,0.4246,0.0,0.0051,0.0018,0.0786,0.0555,0.2695,0.0,0.2695
03BR002,0.0016,0.055,0.0,0.07,0.0,0.0,0.0,0.0,0.0,0.0,0.0,0.0,0.0,0.0119,0.0156,0.0581,0.0373,0.0,0.0371,0.0,0.0793,0.0,0.0,0.0,0.1705,0.0,0.0004,0.036,0.0,0.1104,0.0168,0.0082,0.0,0.0241,0.0011,0.009,0.0,0.0327,0.0,0.0097,0.0,0.0737,0.0052,0.0009,0.0154,0.0,0.0012,0.0,0.0,0.0056,0.0,0.3489,0.0,0.0196,0.0,0.0,0.0131,0.0885,0.0,0.0092,0.0166,0.0,0.0,0.0,0.0279,0.0194,0.0472
03BR004,0.2138,0.0,0.0,0.0675,0.0,0.0,0.0,0.0045,0.0,0.0,0.0,0.0,0.0,0.0043,0.0041,0.0496,0.0297,0.0,0.0268,0.0,0.0666,0.0,0.0477,0.048,0.1522,0.0,0.0005,0.0073,0.0,0.0831,0.042,0.0279,0.0078,0.0431,0.0,0.0067,0.0,0.0,0.0,0.0041,0.0,0.0653,0.0044,0.0011,0.0,0.0,0.0,0.0,0.0116,0.0018,0.0,0.3324,0.0,0.0219,0.001,0.0,0.0,0.0692,0.0182,0.0034,0.0169,0.0,0.0,0.0,0.0575,0.1442,0.2016
03BR005,0.4853,0.0,0.0,0.013,0.0,0.0,0.0,0.0004,0.0,0.0,0.0,0.0,0.0,0.0,0.0027,0.1173,0.0,0.0,0.1722,0.0,0.0462,0.0,0.1052,0.025,0.3672,0.0,0.0,0.0,0.0,0.0,0.0049,0.0049,0.0,0.015,0.0132,0.0,0.0,0.053,0.0,0.0007,0.0,0.2026,0.0009,0.0107,0.0,0.0,0.0,0.0,0.0426,0.0007,0.0,0.1988,0.0,0.0,0.0,0.0,0.0,0.132,0.0,0.0925,0.0901,0.0,0.0,0.0,0.0204,0.3814,0.4018
03BR006,0.0,0.1385,0.0,0.1064,0.0,0.0,0.0,0.0,0.0,0.0,0.0,0.0,0.0,0.0,0.0,0.0202,0.0,0.034,0.0,0.0,0.1471,0.0,0.0,0.0,0.0215,0.0001,0.0288,0.0822,0.0,0.1941,0.0605,0.0507,0.0026,0.0,0.0,0.0214,0.0,0.0389,0.0,0.0,0.0,0.1925,0.0008,0.0,0.0974,0.026,0.012,0.0,0.0,0.0337,0.0,0.0,0.0,0.2841,0.1073,0.0,0.0945,0.0483,0.3823,0.0026,0.0395,0.0,0.0117,0.0434,0.063,0.0,0.063
03BR010,0.0011,0.0,0.0075,0.1154,0.0,0.0,0.0,0.018,0.0,0.0,0.0135,0.0,0.0009,0.0185,0.0,0.0,0.0294,0.0,0.0155,0.0,0.0424,0.0,0.0,0.0,0.0855,0.0,0.0,0.0036,0.0,0.048,0.0191,0.0054,0.0,0.0147,0.0,0.0191,0.0,0.0136,0.0,0.0063,0.0,0.0886,0.004,0.0,0.0503,0.0,0.0145,0.0,0.0375,0.0,0.0,0.4169,0.0,0.0461,0.0375,0.0,0.0246,0.0307,0.0093,0.0021,0.0029,0.0,0.0,0.0,0.0275,0.0083,0.0358
03BR013,0.1527,0.0525,0.0949,0.0628,0.0,0.0,0.0,0.041,0.0,0.0,0.0264,0.0,0.0,0.0093,0.0095,0.082,0.066,0.0108,0.0286,0.0,0.0528,0.0,0.0398,0.0202,0.2152,0.0,0.0,0.0176,0.0,0.041,0.0159,0.0014,0.0,0.0281,0.0002,0.0085,0.0262,0.0082,0.0,0.0,0.0,0.0838,0.0025,0.0,0.0033,0.0,0.0047,0.0,0.0,0.0011,0.0,0.4074,0.0,0.0037,0.0932,0.0063,0.0542,0.2881,0.0537,0.0075,0.0088,0.0079,0.0,0.0,0.0998,0.1106,0.2104
05BR001,0.1217,0.1457,0.1027,0.1845,0.0259,0.0,0.0593,0.1248,0.0,0.0831,0.1609,0.0,0.006,0.0065,0.0,0.016,0.0555,0.0754,0.0354,0.0,0.0337,0.0,0.0,0.0062,0.0455,0.0014,0.0,0.0187,0.0,0.0589,0.1726,0.1257,0.0122,0.0206,0.0011,0.0061,0.0174,0.0221,0.0114,0.0,0.0,0.0578,0.0003,0.0,0.0,0.0,0.0124,0.0,0.0556,0.001,0.0002,0.2148,0.0,0.0648,0.2364,0.1431,0.2237,0.259,0.5732,0.0029,0.0248,0.005,0.1024,0.0136,0.3278,0.0786,0.4064
05BR003,0.2447,0.0406,0.0,0.0694,0.0,0.0,0.0,0.0099,0.0,0.0085,0.0082,0.0,0.0,0.0103,0.0,0.0712,0.0,0.0169,0.0783,0.0,0.0879,0.0,0.1258,0.006,0.2797,0.0,0.0109,0.0,0.0,0.0,0.0559,0.0396,0.0167,0.0236,0.004,0.0074,0.0,0.0451,0.0,0.0,0.0,0.0687,0.0021,0.0,0.0,0.0,0.0,0.0,0.0881,0.0017,0.0,0.3097,0.0,0.0,0.0511,0.0,0.0207,0.1571,0.2438,0.0122,0.0406,0.0,0.0,0.0,0.0699,0.2244,0.2943
05BR004,0.0849,0.0063,0.0,0.0721,0.0,0.0,0.0,0.0132,0.0,0.026,0.0273,0.0,0.0,0.0135,0.0033,0.0522,0.0,0.0039,0.0294,0.0067,0.077,0.0,0.0668,0.0099,0.1908,0.0,0.0,0.0211,0.0,0.0969,0.0047,0.0029,0.0,0.0244,0.0,0.0045,0.0,0.0221,0.0,0.0,0.0,0.096,0.002,0.0,0.0,0.0,0.0007,0.0,0.0,0.0034,0.0,0.2453,0.0,0.0657,0.0083,0.0093,0.0286,0.1197,0.0064,0.0079,0.0114,0.0,0.0,0.0,0.0438,0.0906,0.1344
05BR005,0.0053,0.083,0.0,0.0814,0.0,0.0,0.0,0.0,0.0,0.0,0.0,0.0,0.0,0.0041,0.0,0.0627,0.0,0.0,0.0228,0.0,0.086,0.0,0.0744,0.0,0.144,0.0025,0.0048,0.0191,0.0,0.2893,0.0437,0.028,0.0,0.0237,0.0,0.0086,0.0,0.0073,0.0,0.0,0.0,0.0262,0.0022,0.0,0.0,0.0408,0.0,0.0,0.0,0.0027,0.0021,0.1862,0.0,0.0848,0.0,0.0,0.0,0.0186,0.0082,0.0,0.0175,0.0,0.0,0.0,0.0449,0.0512,0.0962
05BR009,0.0346,0.1572,0.0,0.0449,0.0,0.0,0.0,0.0066,0.0,0.0,0.0069,0.0,0.0,0.0024,0.0223,0.1315,0.0,0.0384,0.1807,0.0,0.0728,0.0,0.2499,0.0232,0.5398,0.0029,0.015,0.0017,0.0,0.0,0.0383,0.031,0.0,0.0381,0.025,0.0039,0.0,0.0457,0.0,0.004,0.0,0.0,0.0019,0.0045,0.0,0.0,0.0,0.0,0.0296,0.009,0.0,0.3531,0.0,0.0,0.0043,0.0,0.0564,0.4674,0.4413,0.055,0.0737,0.0,0.0,0.0,0.0795,0.2326,0.3121
05BR016,0.0019,0.0,0.0042,0.166,0.0,0.0,0.0318,0.0174,0.0,0.0,0.0,0.0,0.0,0.0035,0.0,0.0372,0.0,0.0,0.0147,0.0,0.0378,0.0,0.0,0.0,0.0298,0.0,0.0,0.0174,0.0,0.033,0.0334,0.0147,0.0,0.012,0.0,0.0114,0.0,0.0,0.0,0.0041,0.0,0.0819,0.0369,0.0,0.0218,0.0,0.0141,0.0,0.0395,0.0,0.0,0.2865,0.0,0.076,0.0356,0.0119,0.0,0.0236,0.007,0.001,0.0074,0.0,0.0052,0.0,0.0331,0.0083,0.0414
05BR026,0.3517,0.0365,0.0,0.0924,0.0,0.0,0.0384,0.0341,0.0,0.0034,0.0532,0.0,0.0,0.0,0.0129,0.07,0.0032,0.0,0.0983,0.0017,0.0614,0.0,0.0417,0.0302,0.2509,0.001,0.0008,0.0299,0.0,0.0616,0.0847,0.0394,0.0423,0.0541,0.0074,0.0179,0.0,0.0357,0.0005,0.0,0.0,0.0786,0.0004,0.0004,0.0,0.0,0.0,0.0,0.0286,0.0014,0.0008,0.1985,0.0,0.0,0.1114,0.0,0.0018,0.1485,0.0,0.0298,0.0499,0.0,0.0,0.0,0.0965,0.2458,0.3424
05BR029,0.0,0.0,0.0287,0.1425,0.0,0.0,0.0,0.0498,0.0,0.0,0.0612,0.0112,0.0,0.0,0.0,0.0031,0.077,0.0077,0.0,0.0,0.0665,0.0013,0.0,0.0255,0.0,0.0,0.01,0.0155,0.0103,0.0,0.0243,0.0282,0.0,0.0178,0.0,0.0193,0.0,0.0009,0.0,0.0,0.0,0.0005,0.0014,0.0,0.0,0.0,0.015,0.0,0.0,0.0068,0.0,0.18,0.0,0.2019,0.4634,0.0,0.0567,0.1525,0.0,0.0,0.0,0.0,0.1406,0.0576,0.0523,0.0,0.0523
05BR038,0.0178,0.1127,0.0,0.0167,0.0,0.0015,0.0127,0.0079,0.0,0.0094,0.0,0.0,0.0,0.0036,0.0083,0.0533,0.002,0.0,0.0182,0.0101,0.1081,0.0,0.0079,0.0381,0.1145,0.0,0.0062,0.0,0.0,0.2542,0.0347,0.027,0.0,0.0343,0.0007,0.0129,0.0,0.0111,0.0,0.0,0.0,0.05,0.0004,0.0,0.0,0.0,0.0099,0.0,0.0,0.0044,0.0,0.1508,0.0,0.0406,0.0208,0.0215,0.0399,0.0326,0.0079,0.0,0.0107,0.0,0.0,0.0,0.059,0.022,0.0809
05BR042,0.0048,0.0433,0.0528,0.1423,0.0,0.011,0.0047,0.0196,0.0,0.0,0.003,0.0,0.0,0.0,0.0,0.0,0.0799,0.0182,0.0001,0.0,0.1378,0.0,0.0145,0.0,0.0047,0.0027,0.0152,0.0585,0.0,0.1168,0.0489,0.0506,0.0,0.0061,0.0,0.0424,0.0183,0.005,0.0,0.0,0.0,0.117,0.0,0.0,0.0,0.0986,0.0133,0.0,0.0104,0.0301,0.0,0.0,0.0,0.1194,0.2519,0.0061,0.1155,0.1357,0.0303,0.0,0.0047,0.0,0.0836,0.0362,0.084,0.0097,0.0937
05BR043,0.0078,0.1461,0.059,0.0422,0.0,0.0,0.013,0.0293,0.0,0.0153,0.0085,0.0,0.0,0.0004,0.0,0.0,0.0238,0.0099,0.0,0.0,0.1064,0.0,0.0409,0.0,0.0191,0.0,0.0136,0.0131,0.0,0.0582,0.1095,0.1029,0.0,0.0043,0.0,0.034,0.0135,0.0512,0.0016,0.0,0.0,0.195,0.0,0.0,0.0,0.0,0.017,0.0,0.0,0.0056,0.0,0.0573,0.0,0.0463,0.3205,0.0,0.1839,0.0588,0.0023,0.0,0.0,0.0025,0.0226,0.0425,0.1331,0.0244,0.1574
05BR044,0.0162,0.0,0.0,0.0406,0.0,0.0098,0.096,0.0068,0.0,0.0014,0.013,0.0,0.0045,0.0,0.0,0.0163,0.0,0.0113,0.0,0.0296,0.1338,0.0,0.0,0.0,0.1976,0.0,0.0171,0.0163,0.0,0.345,0.0818,0.0522,0.0288,0.0168,0.0,0.0086,0.0,0.0,0.0,0.0,0.0,0.0243,0.0,0.0,0.0,0.0,0.0295,0.0,0.0241,0.017,0.0,0.0348,0.0,0.0886,0.0206,0.0013,0.034,0.0518,0.1083,0.0,0.0049,0.0,0.0074,0.0,0.0939,0.0081,0.102
05BR045,0.0081,0.0358,0.0213,0.1273,0.0,0.0003,0.0071,0.0,0.0122,0.0,0.018,0.0,0.0,0.0,0.0,0.0526,0.046,0.0169,0.0,0.0,0.111,0.0,0.0,0.0,0.0576,0.0,0.0313,0.0293,0.0,0.2669,0.0015,0.014,0.0,0.0001,0.0,0.0333,0.0,0.0289,0.0,0.0123,0.0,0.111,0.0008,0.0,0.0,0.055,0.0001,0.0,0.0,0.0157,0.0038,0.0,0.0,0.2306,0.1057,0.0,0.1221,0.1102,0.0,0.0,0.0038,0.0,0.0089,0.0302,0.0265,0.004,0.0306
06BR003,0.0018,0.0298,0.1421,0.0761,0.0,0.0,0.0297,0.0558,0.0,0.0,0.0718,0.0,0.0,0.019,0.0,0.0095,0.0387,0.0134,0.0122,0.0,0.1108,0.0011,0.0,0.0131,0.053,0.0,0.02,0.0179,0.0,0.0853,0.0724,0.0476,0.0138,0.0282,0.001,0.001,0.0474,0.0,0.0,0.0001,0.0,0.0793,0.0004,0.0,0.0178,0.0,0.0383,0.0,0.0646,0.0081,0.0,0.2334,0.0,0.0271,0.243,0.0,0.1065,0.0523,0.084,0.0,0.0051,0.0043,0.012,0.0165,0.1707,0.007,0.1777
06BR005,0.011,0.0986,0.0148,0.0944,0.0,0.0,0.0267,0.0123,0.0,0.0,0.0,0.0,0.0,0.0055,0.0095,0.019,0.0379,0.0194,0.015,0.0012,0.0853,0.0,0.0,0.0164,0.041,0.0,0.0087,0.0249,0.0,0.1119,0.0636,0.0428,0.0001,0.0446,0.0,0.006,0.0,0.02,0.0,0.003,0.0,0.0711,0.0012,0.0,0.0183,0.0,0.0,0.0,0.0,0.0031,0.0,0.1864,0.0,0.0382,0.0264,0.0298,0.1603,0.1122,0.0,0.0026,0.0083,0.0,0.0006,0.0,0.0957,0.013,0.1087
06BR006,0.5293,0.0752,0.0,0.0,0.0,0.0,0.0,0.0144,0.0,0.0,0.0219,0.0,0.0,0.0008,0.0,0.1437,0.0,0.0081,0.2146,0.0,0.0827,0.0,0.1085,0.0242,0.4837,0.0043,0.0075,0.0321,0.0,0.0,0.0162,0.0253,0.0009,0.0063,0.0153,0.0073,0.0,0.0426,0.0,0.0,0.0,0.0585,0.0009,0.0,0.0,0.0133,0.0048,0.0,0.0581,0.0082,0.0,0.2213,0.0,0.0,0.0516,0.0,0.0,0.2191,0.1286,0.09,0.1133,0.0,0.0,0.0,0.0204,0.4262,0.4466
06BR014,0.0177,0.0045,0.0,0.0735,0.0,0.0,0.0,0.0,0.0,0.0,0.0,0.0,0.0,0.0071,0.0083,0.0139,0.0585,0.0,0.0,0.0172,0.1275,0.0,0.0,0.0031,0.0673,0.0,0.0075,0.0034,0.0,0.226,0.0138,0.0052,0.0,0.0313,0.0009,0.0058,0.0,0.001,0.0,0.0038,0.0,0.0769,0.0009,0.0,0.0,0.0,0.0,0.0,0.0,0.0021,0.0,0.1328,0.0,0.05,0.0084,0.0,0.0,0.0259,0.0275,0.0,0.0,0.0,0.0002,0.0,0.0415,0.0088,0.0504
09BR001,0.0043,0.0176,0.0041,0.1245,0.0,0.0,0.0029,0.0,0.0,0.0,0.0,0.0,0.0,0.0,0.0239,0.0238,0.0316,0.0,0.0006,0.0,0.1028,0.0,0.0,0.0,0.0074,0.0064,0.0013,0.0921,0.0,0.1952,0.0255,0.0103,0.0076,0.0153,0.0,0.0052,0.0,0.0,0.0,0.0,0.0,0.2922,0.002,0.0,0.0573,0.0,0.0179,0.0,0.0,0.0036,0.0055,0.0,0.0,0.2264,0.0,0.0,0.0,0.0046,0.0,0.0,0.018,0.0,0.0,0.0017,0.0299,0.0024,0.0324
09BR004,0.0,0.0,0.0074,0.0027,0.0,0.0051,0.0,0.0,0.0,0.0404,0.0,0.0,0.0176,0.0,0.0,0.0271,0.0198,0.0,0.0701,0.0003,0.0014,0.0,0.0199,0.0,0.0616,0.0015,0.0,0.0269,0.0,0.0,0.0,0.0,0.0,0.022,0.005,0.0,0.0,0.0931,0.0,0.0206,0.0,0.0005,0.007,0.0019,0.056,0.0183,0.003,0.0046,0.0315,0.0,0.0,0.2949,0.0,0.1347,0.0,0.0,0.0,0.0,0.0,0.0226,0.0512,0.0,0.0,0.0117,0.048,0.045,0.093
09BR005,0.0,0.0553,0.0,0.0306,0.0,0.0,0.0,0.0031,0.0,0.0,0.0,0.0,0.0,0.0085,0.0,0.0,0.0012,0.0,0.0047,0.0073,0.1038,0.0,0.0,0.0,0.0126,0.0,0.0097,0.0176,0.0,0.3328,0.0214,0.0123,0.0,0.0122,0.0,0.0068,0.0,0.0,0.0,0.0,0.0,0.1068,0.0013,0.0,0.0,0.0,0.0,0.0,0.0,0.0015,0.0,0.1737,0.0,0.0862,0.1368,0.0,0.0,0.0135,0.0755,0.0,0.0023,0.0,0.0,0.0121,0.0273,0.0024,0.0296
09BR007,0.1197,0.007,0.0561,0.1491,0.0,0.0,0.0004,0.0168,0.0,0.0,0.0057,0.0,0.0,0.001,0.0,0.0187,0.0405,0.0,0.0,0.0,0.0882,0.0,0.0213,0.0,0.0252,0.0,0.0,0.0046,0.0,0.0801,0.0954,0.0463,0.0261,0.0144,0.0,0.019,0.0041,0.0149,0.0,0.0,0.0,0.1039,0.0,0.0,0.0,0.0,0.0205,0.0,0.0281,0.0051,0.0,0.2354,0.0,0.0611,0.0393,0.0067,0.0473,0.0363,0.0,0.0,0.0,0.0,0.005,0.0,0.1106,0.0705,0.1811
11BR003,0.0,0.0,0.2573,0.0531,0.0215,0.0,0.0279,0.1496,0.0055,0.2502,0.3456,0.0861,0.0112,0.0084,0.0,0.0,0.0664,0.0335,0.006,0.0,0.0541,0.0,0.0,0.0,0.0231,0.0,0.0158,0.0237,0.0,0.0,0.123,0.116,0.0003,0.0211,0.0028,0.026,0.0615,0.0126,0.0155,0.0049,0.0273,0.0062,0.0,0.0,0.0,0.0,0.0437,0.0,0.0617,0.0077,0.0,0.1675,0.0368,0.1176,0.5836,0.0,0.2063,0.1702,0.1353,0.0,0.0051,0.0176,0.0946,0.0662,0.4996,0.003,0.5026
11BR004,0.0196,0.0711,0.043,0.2055,0.0,0.0,0.0509,0.0317,0.0,0.0088,0.0699,0.0057,0.0024,0.007,0.0,0.0,0.0194,0.0682,0.0202,0.0176,0.1273,0.0,0.0,0.023,0.007,0.0,0.0218,0.0321,0.0,0.0738,0.1242,0.1326,0.0,0.0198,0.0,0.0237,0.0111,0.0328,0.0439,0.0,0.0,0.1033,0.0,0.0119,0.0,0.0,0.0282,0.0,0.0217,0.0188,0.0,0.1514,0.0004,0.1032,0.1657,0.0346,0.3304,0.1614,0.435,0.0015,0.0149,0.0013,0.0784,0.0065,0.2249,0.0199,0.2448
11BR006,0.147,0.0109,0.0,0.1416,0.0,0.0,0.0,0.0,0.0,0.0,0.0,0.0,0.0,0.0157,0.0056,0.0219,0.0005,0.0338,0.0617,0.0,0.1017,0.0,0.0462,0.012,0.0949,0.0,0.0171,0.0217,0.0,0.0055,0.0671,0.0553,0.0042,0.0258,0.0034,0.0141,0.0,0.0203,0.0347,0.0045,0.0,0.1157,0.0012,0.0147,0.0161,0.0,0.0,0.0,0.0252,0.008,0.0,0.2555,0.0,0.0517,0.0199,0.0,0.0348,0.145,0.4166,0.0101,0.0527,0.0,0.0,0.0,0.1174,0.1274,0.2448
11BR009,0.0,0.0,0.0539,0.0816,0.0,0.0,0.0058,0.0403,0.0,0.0343,0.0375,0.0,0.0,0.0403,0.0,0.0,0.0351,0.0061,0.0194,0.0017,0.0633,0.0,0.0,0.0,0.0395,0.0,0.001,0.0541,0.0,0.0,0.0347,0.0592,0.0,0.0389,0.002,0.0,0.0093,0.0084,0.0,0.0111,0.0,0.0854,0.0024,0.0,0.0256,0.0,0.0109,0.0,0.0168,0.0027,0.0,0.1642,0.0,0.0383,0.1908,0.0,0.1451,0.0328,0.0,0.0036,0.0151,0.0016,0.0224,0.0035,0.1131,0.0097,0.1228
11BR010,0.0032,0.1144,0.0,0.0646,0.0,0.0,0.0364,0.0252,0.0,0.0,0.0144,0.0,0.0,0.0,0.0,0.016,0.0091,0.0073,0.0055,0.0,0.1204,0.0,0.0204,0.0041,0.081,0.0,0.0148,0.0256,0.0,0.2769,0.0375,0.0396,0.0,0.007,0.0,0.0094,0.0,0.0186,0.0,0.0,0.0,0.0719,0.0005,0.0,0.0,0.0,0.0122,0.0,0.0,0.0067,0.0001,0.2088,0.0,0.0544,0.0457,0.0095,0.1313,0.0586,0.0,0.0,0.0,0.0,0.0215,0.0,0.0345,0.0146,0.0491
11BR011,0.1412,0.0062,0.1314,0.1586,0.0,0.0,0.0525,0.0617,0.0,0.0912,0.1865,0.0,0.0,0.0037,0.0,0.0117,0.0741,0.0231,0.022,0.0,0.086,0.0,0.0289,0.0,0.071,0.0,0.0,0.0217,0.0,0.0706,0.0887,0.0816,0.0005,0.0352,0.0,0.0145,0.0253,0.0008,0.0,0.0021,0.0,0.1096,0.0,0.0,0.0056,0.0,0.0583,0.0,0.0507,0.0082,0.0,0.1957,0.0,0.0343,0.2073,0.0,0.151,0.1454,0.0691,0.004,0.0119,0.0008,0.0359,0.0018,0.2464,0.096,0.3424
11BR012,0.0,0.0,0.0272,0.0362,0.0019,0.0,0.0416,0.0355,0.0,0.0484,0.0662,0.0,0.0084,0.0066,0.0,0.0072,0.0259,0.0029,0.0259,0.0037,0.0198,0.0,0.0,0.0021,0.0596,0.0,0.0,0.0,0.0,0.051,0.0262,0.0184,0.0026,0.0277,0.0,0.0107,0.0,0.0069,0.0,0.0175,0.0,0.0424,0.0029,0.0,0.0926,0.0,0.0103,0.0,0.0,0.0,0.0,0.3709,0.0,0.0628,0.0758,0.0076,0.0581,0.0342,0.0048,0.0033,0.0204,0.0004,0.0093,0.0,0.092,0.013,0.1049
11BR013,0.1512,0.0,0.0,0.1616,0.0,0.0,0.0,0.0,0.0,0.0,0.0,0.0,0.0,0.0179,0.0069,0.0131,0.0186,0.0,0.0202,0.0,0.078,0.0,0.0068,0.0,0.0731,0.006,0.0001,0.0559,0.0,0.0,0.0069,0.0075,0.0021,0.022,0.0024,0.0063,0.0,0.0133,0.0,0.0083,0.0,0.0567,0.0015,0.0,0.0374,0.0,0.0,0.0,0.0464,0.0052,0.0,0.2686,0.0,0.0538,0.0651,0.0,0.0,0.0255,0.0,0.0043,0.0096,0.0,0.0,0.0,0.0193,0.0891,0.1084
11BR014,0.0192,0.1394,0.0,0.1082,0.0,0.0,0.0286,0.0076,0.0,0.0,0.0078,0.0,0.0,0.0032,0.0106,0.0956,0.0127,0.0,0.0289,0.0,0.0707,0.0,0.1136,0.0093,0.1616,0.0,0.0075,0.0,0.0,0.3209,0.0415,0.0251,0.0019,0.0281,0.0015,0.007,0.0,0.0534,0.0,0.0,0.0,0.0406,0.0008,0.0,0.0,0.05,0.0,0.0,0.0,0.0041,0.0,0.2774,0.0,0.0056,0.0144,0.0,0.0796,0.082,0.0,0.0028,0.0084,0.0,0.0112,0.0,0.0464,0.0808,0.1272
11BR015,0.0,0.0,0.0,0.186,0.0,0.0,0.0,0.0058,0.0,0.0,0.0,0.0,0.0,0.0299,0.0,0.0,0.023,0.0,0.0365,0.0,0.038,0.0,0.0,0.0,0.0423,0.0,0.0,0.0473,0.0,0.0,0.0131,0.0049,0.0035,0.0324,0.0,0.0047,0.0,0.0052,0.0,0.0028,0.0,0.0375,0.0345,0.0,0.031,0.0,0.0,0.0,0.0183,0.0,0.0,0.3117,0.0,0.1223,0.0863,0.0,0.0227,0.0515,0.0158,0.009,0.0248,0.0,0.0,0.0077,0.0303,0.0182,0.0486
11BR016,0.0,0.0884,0.0437,0.1192,0.0,0.0,0.0,0.045,0.0,0.0019,0.0301,0.0,0.0,0.0,0.0,0.0,0.0177,0.0473,0.0,0.0,0.1397,0.0,0.0,0.0,0.003,0.0002,0.0284,0.0247,0.0,0.0,0.0548,0.0649,0.0,0.004,0.0011,0.0462,0.0188,0.0382,0.0,0.0032,0.0,0.0726,0.0007,0.0,0.0235,0.0,0.0161,0.0,0.0648,0.0172,0.0,0.115,0.0,0.0895,0.4018,0.0,0.2633,0.1174,0.2326,0.0,0.0046,0.0006,0.0451,0.0219,0.1011,0.0,0.1011
11BR017,0.0062,0.0483,0.0748,0.1139,0.0,0.0,0.0822,0.042,0.0,0.0052,0.0528,0.0,0.0,0.0,0.0,0.0076,0.0434,0.0413,0.0024,0.021,0.1873,0.0,0.0,0.0,0.0,0.0024,0.0377,0.0108,0.0,0.2059,0.0944,0.1075,0.0,0.0127,0.0,0.0036,0.0042,0.0107,0.0,0.0,0.0,0.0662,0.0,0.0,0.0,0.0065,0.0888,0.0,0.0368,0.0245,0.0,0.0318,0.0,0.0348,0.1402,0.0085,0.1451,0.0575,0.2637,0.0,0.0019,0.0,0.0497,0.0059,0.1663,0.0043,0.1706
11BR018,0.2455,0.0647,0.0301,0.0828,0.0,0.0,0.0649,0.0363,0.0006,0.0864,0.1164,0.0,0.0082,0.0,0.0059,0.0864,0.0396,0.0591,0.1089,0.0,0.0748,0.0,0.1351,0.0239,0.3994,0.0,0.0105,0.0087,0.0,0.0,0.028,0.0243,0.004,0.0205,0.0184,0.0193,0.0,0.058,0.0,0.0,0.0,0.0077,0.0013,0.0002,0.0,0.0,0.0138,0.0,0.0503,0.0082,0.0,0.2821,0.0,0.0,0.0162,0.0,0.0854,0.5245,0.3753,0.0265,0.0588,0.0,0.0,0.0,0.1495,0.2448,0.3943
11BR019,0.0,0.0,0.29,0.0118,0.0022,0.0,0.1601,0.0776,0.0,0.0993,0.1471,0.0,0.0022,0.0068,0.0,0.0,0.1102,0.0289,0.0,0.0,0.0299,0.0,0.0,0.0631,0.0356,0.0,0.0,0.0295,0.0,0.018,0.0772,0.0648,0.0001,0.0612,0.0,0.0113,0.0724,0.0,0.0,0.0,0.0,0.1223,0.0011,0.0,0.0319,0.0,0.0929,0.0003,0.064,0.0026,0.0,0.3002,0.0,0.1206,0.1184,0.0,0.1782,0.1377,0.1471,0.0,0.0053,0.0192,0.0203,0.0225,0.3725,0.0,0.3725
11BR020,0.1501,0.0453,0.0546,0.1282,0.0,0.0,0.0807,0.0243,0.0039,0.0424,0.0625,0.0,0.0,0.0,0.0,0.0346,0.0288,0.0496,0.0115,0.0006,0.0916,0.0,0.0,0.0,0.0506,0.0,0.0082,0.0049,0.0,0.1495,0.0335,0.058,0.0,0.0173,0.0,0.0129,0.0163,0.0258,0.0,0.0,0.0,0.0746,0.0,0.0,0.0087,0.0,0.0135,0.0,0.0,0.0115,0.0,0.1674,0.0029,0.0293,0.0463,0.0159,0.1479,0.1865,0.3124,0.0,0.0131,0.0,0.0098,0.0041,0.132,0.0808,0.2128
11BR022,0.007,0.0281,0.0151,0.0844,0.0,0.0,0.0,0.0043,0.0,0.0,0.0,0.0,0.0,0.006,0.0,0.0465,0.0015,0.0,0.0149,0.0,0.112,0.0,0.0361,0.0,0.0993,0.0,0.0062,0.0089,0.0,0.1605,0.0386,0.0407,0.0,0.0113,0.0005,0.013,0.0,0.0054,0.0,0.0,0.0,0.1064,0.0002,0.0,0.0274,0.0,0.0203,0.0,0.0,0.0076,0.0,0.2842,0.0,0.0407,0.0793,0.0,0.0637,0.0264,0.0,0.0016,0.0066,0.0,0.0,0.0,0.0433,0.029,0.0723
11BR023,0.0038,0.0494,0.0957,0.0991,0.0272,0.0,0.0,0.0724,0.0,0.0485,0.1182,0.0,0.0148,0.0172,0.0,0.0,0.0275,0.0096,0.0011,0.0,0.0994,0.0,0.0,0.0,0.0133,0.0018,0.041,0.0034,0.0,0.0,0.1129,0.1249,0.0,0.0147,0.0,0.0416,0.0264,0.0219,0.0,0.001,0.0,0.0,0.0004,0.0,0.0114,0.0111,0.0133,0.0,0.0285,0.0288,0.0009,0.1699,0.0,0.1444,0.4014,0.0576,0.1854,0.0741,0.0,0.0,0.0,0.0032,0.0588,0.0576,0.2057,0.0024,0.2082
11BR024,0.0,0.0781,0.0819,0.2432,0.0,0.0,0.0,0.0267,0.0,0.1196,0.2236,0.0467,0.0023,0.0,0.0,0.0,0.0696,0.0075,0.0,0.0,0.111,0.0,0.0,0.0,0.0,0.0027,0.0171,0.0047,0.0,0.0144,0.0563,0.0646,0.0,0.0081,0.0,0.0357,0.0041,0.0206,0.0,0.0,0.0,0.0221,0.001,0.0,0.0,0.0176,0.0466,0.0,0.0,0.0193,0.0003,0.0835,0.0,0.1621,0.4588,0.0,0.1465,0.085,0.0,0.0,0.0,0.0005,0.0299,0.0526,0.1823,0.0,0.1823
11BR025,0.0,0.0,0.0007,0.1303,0.0,0.0,0.0,0.0026,0.0,0.0,0.0,0.0,0.0,0.0325,0.0008,0.0,0.0086,0.0,0.0125,0.0,0.0372,0.0,0.0,0.0,0.0043,0.0,0.0,0.0423,0.0,0.0186,0.0131,0.003,0.0007,0.013,0.0,0.0053,0.0,0.0,0.0,0.0128,0.0,0.0389,0.0252,0.0,0.0701,0.0,0.0021,0.0,0.0452,0.0008,0.0,0.3333,0.0,0.094,0.0729,0.0,0.0,0.0135,0.0,0.0,0.0094,0.0,0.0,0.0123,0.0179,0.0062,0.0241
11BR027,0.0,0.0,0.0081,0.1924,0.0,0.0,0.0,0.0024,0.0,0.0,0.0,0.0,0.0,0.0112,0.0101,0.0229,0.0079,0.0,0.0119,0.0,0.0847,0.0,0.0,0.0,0.0311,0.0009,0.0,0.0629,0.0,0.0669,0.0823,0.0463,0.0154,0.0339,0.0,0.0118,0.0,0.0,0.0,0.001,0.0,0.0638,0.0031,0.0,0.0149,0.0,0.0067,0.0,0.0015,0.0056,0.0,0.148,0.0,0.0717,0.0251,0.0,0.0362,0.0973,0.0044,0.0018,0.0085,0.0,0.0073,0.0,0.0829,0.006,0.0888
11BR028,0.0,0.0,0.0051,0.0978,0.0,0.0,0.0378,0.0125,0.0,0.0,0.0,0.0,0.0,0.0092,0.0,0.0087,0.0046,0.0048,0.0318,0.0039,0.0932,0.0,0.0,0.0,0.0688,0.0,0.0059,0.044,0.0,0.3287,0.0346,0.0219,0.0134,0.0242,0.0005,0.0059,0.0,0.0,0.0,0.0,0.0,0.0355,0.0001,0.0,0.0,0.0,0.0014,0.0,0.0,0.0036,0.0,0.1784,0.0,0.0349,0.1653,0.0,0.0369,0.0532,0.059,0.0079,0.029,0.0,0.0015,0.0017,0.0484,0.0159,0.0643
11BR030,0.0535,0.0199,0.1816,0.0347,0.0308,0.0,0.0981,0.1342,0.0313,0.2644,0.3226,0.0834,0.0023,0.0007,0.0,0.0,0.0531,0.0509,0.0288,0.0046,0.0639,0.0,0.0,0.0,0.039,0.0,0.0021,0.0562,0.0,0.1162,0.0924,0.0906,0.0,0.0103,0.0066,0.0068,0.0511,0.0,0.0091,0.0,0.0003,0.0676,0.0,0.0,0.0,0.0,0.0325,0.0026,0.0,0.0073,0.0,0.1615,0.0449,0.0284,0.274,0.0413,0.2191,0.2125,0.2268,0.0082,0.025,0.0134,0.0711,0.0255,0.4296,0.0412,0.4708
11BR031,0.2032,0.0468,0.0266,0.1134,0.0,0.0,0.0368,0.0245,0.0,0.0129,0.0401,0.0,0.0,0.0036,0.0088,0.0115,0.0138,0.0171,0.0235,0.0,0.0698,0.0011,0.0,0.0029,0.1045,0.0,0.0027,0.005,0.0,0.2325,0.0826,0.0478,0.0318,0.026,0.0033,0.0196,0.0,0.0,0.0,0.0,0.0,0.0725,0.0004,0.0,0.0,0.0,0.0175,0.0,0.0,0.0103,0.0,0.2188,0.0,0.0475,0.0734,0.0,0.0746,0.1283,0.1198,0.0022,0.0113,0.0,0.0093,0.0,0.1101,0.1134,0.2235
11BR032,0.1728,0.1478,0.0,0.0387,0.0,0.0,0.0206,0.0155,0.0,0.0,0.0117,0.0,0.0,0.0057,0.0019,0.0712,0.0,0.0083,0.0494,0.004,0.0952,0.0,0.0711,0.0461,0.2503,0.0,0.0096,0.017,0.0,0.0113,0.033,0.0179,0.0092,0.0253,0.0026,0.0074,0.0,0.0392,0.0,0.0,0.0,0.073,0.0026,0.0,0.0,0.0,0.0025,0.0,0.0,0.0065,0.0,0.3473,0.0,0.0176,0.0395,0.0,0.0687,0.1798,0.0315,0.011,0.0264,0.0,0.0,0.0,0.0471,0.1466,0.1937
11BR036,0.0041,0.0512,0.0,0.0,0.0,0.0,0.0,0.0034,0.0,0.0,0.0,0.0,0.0078,0.0124,0.0,0.0,0.0,0.0,0.0119,0.0,0.0616,0.0025,0.0,0.0,0.1227,0.0,0.0338,0.0455,0.0,0.0207,0.0158,0.0123,0.0096,0.0008,0.0,0.0,0.0,0.0,0.0,0.0026,0.0,0.025,0.0025,0.0,0.0267,0.0,0.001,0.0078,0.0,0.0149,0.0,0.111,0.0,0.1886,0.2235,0.0,0.0,0.0165,0.004,0.0,0.0165,0.0,0.0,0.0183,0.0111,0.008,0.0191
11BR038,0.0391,0.0706,0.2191,0.1267,0.0,0.0,0.0246,0.0525,0.0328,0.0053,0.0,0.0,0.0,0.0,0.0,0.0398,0.0547,0.2946,0.0346,0.0688,0.1291,0.0,0.055,0.0933,0.0852,0.0,0.0279,0.0555,0.0,0.0117,0.0981,0.0744,0.0072,0.0405,0.0089,0.0075,0.09,0.0174,0.0063,0.0,0.0,0.0994,0.0013,0.0,0.0,0.0,0.0104,0.0,0.0041,0.0104,0.0,0.1703,0.0,0.0174,0.105,0.0432,0.0767,1.2545,2.0239,0.0099,0.0329,0.0293,0.0168,0.0382,0.4885,0.0644,0.5528
11BR040,0.0975,0.0,0.0,0.0945,0.0,0.0,0.0054,0.0116,0.0,0.0,0.0,0.0,0.0,0.0054,0.0069,0.0253,0.0,0.0,0.039,0.0,0.0947,0.0,0.0434,0.0,0.1366,0.0,0.0036,0.0,0.0,0.0606,0.029,0.0196,0.0,0.0218,0.0015,0.0175,0.0,0.0,0.0,0.0067,0.0,0.0454,0.0045,0.0,0.0199,0.0,0.0074,0.0,0.0,0.0033,0.0,0.3254,0.0,0.012,0.018,0.0,0.0,0.0875,0.0256,0.0067,0.0193,0.0,0.0,0.0,0.0339,0.09,0.1238
11BR042,0.0184,0.0059,0.0,0.0494,0.0,0.0,0.0,0.0134,0.0,0.0,0.004,0.0,0.0,0.0008,0.0,0.0146,0.0133,0.0231,0.0009,0.0096,0.1172,0.0,0.0,0.0,0.1764,0.0,0.02,0.0571,0.0,0.2788,0.0618,0.0546,0.0001,0.0096,0.0,0.0052,0.0,0.0,0.0,0.0,0.0,0.0716,0.0,0.0,0.0141,0.0,0.0197,0.0,0.0092,0.011,0.0,0.2375,0.0,0.0471,0.1032,0.0,0.0615,0.0396,0.2449,0.0,0.0,0.0,0.0626,0.0,0.0694,0.0096,0.0791
11BR043,0.0,0.0,0.1084,0.1367,0.0,0.0,0.0598,0.0692,0.0,0.1061,0.1772,0.0,0.0154,0.0206,0.0,0.0124,0.0345,0.0098,0.0129,0.0,0.067,0.0,0.0067,0.0,0.0217,0.0,0.0,0.0436,0.0,0.1464,0.1107,0.0989,0.0,0.0154,0.0,0.0116,0.0358,0.0,0.0,0.0003,0.0,0.1282,0.0007,0.0,0.0145,0.0,0.0094,0.0,0.0,0.0039,0.0,0.2129,0.0256,0.1208,0.2667,0.0,0.1765,0.0801,0.0,0.0,0.0132,0.0043,0.0555,0.031,0.2336,0.0098,0.2434
11BR044,0.0269,0.0134,0.0719,0.1508,0.0,0.0,0.0039,0.0349,0.0,0.0,0.007,0.0,0.0012,0.013,0.0,0.0,0.0563,0.0253,0.0,0.0,0.075,0.0004,0.0564,0.0095,0.0317,0.003,0.0,0.0375,0.0,0.0709,0.0632,0.0586,0.0,0.0327,0.0,0.0143,0.0008,0.0,0.0,0.0,0.0,0.0997,0.0,0.0,0.0173,0.0067,0.0168,0.0,0.0064,0.0027,0.0,0.2155,0.0,0.0752,0.2271,0.0,0.12,0.1057,0.0772,0.0,0.0,0.0,0.0083,0.029,0.1287,0.0416,0.1704
11BR047,0.0217,0.0694,0.0,0.0645,0.0,0.0,0.0,0.0035,0.0,0.0,0.0,0.0,0.0,0.0073,0.0038,0.0384,0.0082,0.0009,0.0065,0.01,0.1267,0.0,0.0275,0.0054,0.0649,0.0,0.0147,0.0273,0.0,0.3415,0.0431,0.0189,0.0079,0.0179,0.0,0.0016,0.0,0.0,0.0,0.0,0.0,0.0649,0.0009,0.0,0.0,0.0,0.0,0.0,0.0,0.0112,0.0,0.1515,0.0,0.0684,0.0,0.0,0.0702,0.0442,0.015,0.0007,0.0066,0.0,0.0,0.0,0.0479,0.0278,0.0758
11BR049,0.0141,0.0396,0.0493,0.1243,0.0,0.0,0.0445,0.0401,0.0,0.0001,0.0269,0.0,0.0,0.0101,0.0,0.0045,0.0327,0.0105,0.0,0.0,0.0915,0.0,0.0088,0.0,0.0041,0.0,0.0006,0.0034,0.0,0.1313,0.0667,0.0528,0.003,0.0223,0.0,0.0086,0.0,0.0137,0.0,0.0,0.0,0.0744,0.0,0.0,0.0,0.0,0.0086,0.0,0.0,0.0039,0.0,0.1947,0.0,0.0859,0.149,0.008,0.1145,0.0508,0.0316,0.0,0.0,0.0,0.0242,0.0237,0.0993,0.0114,0.1107
11BR050,0.2895,0.0751,0.0,0.0354,0.0,0.0,0.0221,0.0402,0.0,0.0059,0.04,0.0,0.0017,0.0065,0.0017,0.0877,0.0053,0.02,0.1117,0.0007,0.0607,0.0,0.1094,0.0313,0.3744,0.0,0.0096,0.002,0.0,0.0,0.0638,0.0435,0.0139,0.0238,0.0087,0.0169,0.0,0.0262,0.0015,0.003,0.0,0.0288,0.0019,0.0032,0.0,0.0,0.0011,0.0,0.0398,0.0091,0.0,0.366,0.0,0.0,0.0468,0.0,0.0775,0.3291,0.1545,0.027,0.0519,0.0,0.0,0.0,0.0793,0.2553,0.3346
11BR051,0.0,0.0408,0.0,0.0438,0.0,0.0,0.0362,0.0043,0.0,0.0,0.0037,0.0,0.0,0.0,0.0012,0.0227,0.0199,0.0,0.0117,0.0005,0.0873,0.0,0.0459,0.0,0.0757,0.0,0.0017,0.0107,0.0,0.246,0.0796,0.0587,0.0012,0.0323,0.0,0.0099,0.0,0.0063,0.0076,0.0,0.0,0.1051,0.0031,0.0,0.0093,0.0,0.0025,0.0,0.0,0.0,0.0,0.1415,0.0,0.0573,0.0043,0.0048,0.0516,0.1137,0.0261,0.001,0.0138,0.0,0.0,0.0,0.08,0.0288,0.1088
11BR053,0.0086,0.0117,0.0,0.0665,0.0,0.0,0.0,0.0,0.0,0.0,0.0,0.0,0.0,0.0139,0.0034,0.0403,0.0424,0.0,0.0067,0.0019,0.0736,0.001,0.0,0.0095,0.0632,0.0,0.0005,0.0457,0.0,0.0512,0.0434,0.0151,0.0267,0.0207,0.0,0.0058,0.0,0.0,0.0,0.0034,0.0,0.0388,0.0037,0.0014,0.025,0.0,0.0,0.0,0.0,0.007,0.0,0.283,0.0,0.0835,0.0499,0.0,0.0,0.0167,0.0586,0.0009,0.003,0.0,0.0,0.0038,0.0449,0.0076,0.0526
11BR054,0.0,0.0,0.0057,0.0328,0.0,0.0,0.0202,0.0059,0.0,0.0151,0.0,0.0,0.0,0.0188,0.0092,0.0,0.0,0.0,0.0007,0.01,0.0495,0.0001,0.0,0.0079,0.009,0.0,0.0003,0.0244,0.0018,0.0238,0.0544,0.0244,0.0048,0.0128,0.0,0.0171,0.0,0.0,0.0,0.0,0.0,0.0615,0.0423,0.0,0.0803,0.0,0.0178,0.0,0.0418,0.0016,0.0,0.3249,0.0,0.0788,0.0105,0.0,0.0,0.0253,0.0,0.0,0.0076,0.0,0.0118,0.002,0.0653,0.0004,0.0657
11BR055,0.0846,0.1261,0.0,0.0668,0.0,0.0,0.0104,0.0089,0.0,0.0,0.0,0.0,0.0,0.004,0.0039,0.0854,0.0,0.0,0.04,0.0,0.0753,0.0001,0.0671,0.0202,0.1357,0.0006,0.0067,0.0158,0.0,0.2015,0.0508,0.0231,0.0223,0.0259,0.0,0.0035,0.0,0.0391,0.0,0.0,0.0,0.0452,0.0006,0.0,0.0,0.0016,0.0,0.0,0.0,0.0017,0.0,0.2544,0.0,0.0321,0.0413,0.0,0.0201,0.0328,0.0013,0.0111,0.0184,0.0,0.0078,0.0,0.0511,0.0958,0.147
11BR056,0.0454,0.1699,0.0916,0.0,0.0,0.0,0.064,0.0449,0.0,0.0612,0.0973,0.0,0.0028,0.0036,0.0,0.0499,0.0333,0.0203,0.013,0.0087,0.0889,0.0,0.0593,0.0106,0.1022,0.0,0.0131,0.0104,0.0,0.1668,0.0562,0.0354,0.0038,0.0226,0.0024,0.0059,0.0414,0.0377,0.0023,0.0,0.0,0.077,0.0009,0.0,0.0,0.0,0.0352,0.0,0.0,0.0059,0.0002,0.2204,0.0,0.0225,0.0416,0.0109,0.1006,0.1358,0.1474,0.0,0.0093,0.0,0.0043,0.0003,0.1753,0.0588,0.2341
11BR058,0.0708,0.1761,0.0003,0.0428,0.0,0.0,0.0011,0.0034,0.0,0.0,0.0,0.0,0.0,0.0017,0.0,0.0653,0.0104,0.0127,0.0297,0.0121,0.1259,0.0,0.0731,0.0,0.108,0.0027,0.0178,0.0063,0.0,0.2166,0.1253,0.0788,0.0349,0.0157,0.0004,0.0103,0.0,0.041,0.0,0.0,0.0,0.091,0.0004,0.0003,0.0,0.0281,0.0,0.0,0.0098,0.0091,0.0012,0.1847,0.0,0.0178,0.077,0.0058,0.0651,0.0929,0.1198,0.0028,0.0175,0.0,0.0298,0.0,0.1109,0.0868,0.1977
11BR059,0.0026,0.0714,0.0,0.1163,0.0,0.0,0.0,0.0239,0.0,0.0,0.0,0.0,0.0,0.0013,0.0001,0.0199,0.0082,0.0147,0.0081,0.0,0.112,0.0,0.0458,0.0011,0.1733,0.0,0.0359,0.0366,0.0,0.182,0.0172,0.0133,0.0,0.0047,0.0,0.012,0.0,0.0,0.0,0.0013,0.0,0.0646,0.0016,0.0,0.006,0.0,0.0162,0.0,0.0,0.0101,0.0,0.2275,0.0,0.0,0.2236,0.0,0.0784,0.2434,0.0586,0.0,0.0029,0.0,0.0,0.0,0.0244,0.0282,0.0526
11BR060,0.0226,0.1397,0.0037,0.0609,0.0,0.0,0.0,0.014,0.0,0.0,0.0,0.0,0.0,0.0049,0.0,0.0359,0.0071,0.0033,0.0481,0.0043,0.1044,0.0001,0.0,0.0064,0.0634,0.002,0.0067,0.0368,0.0,0.1767,0.0758,0.077,0.0,0.0192,0.0039,0.0074,0.0,0.0191,0.0024,0.0,0.0,0.0844,0.0005,0.001,0.0,0.0297,0.0067,0.0,0.0,0.0166,0.0003,0.166,0.0,0.0581,0.0963,0.0,0.1432,0.043,0.0058,0.0104,0.0154,0.0,0.0244,0.0,0.0731,0.0354,0.1085
11BR072,0.2552,0.0,0.0,0.0844,0.0,0.0,0.0125,0.0178,0.0,0.0131,0.0313,0.0,0.0,0.0076,0.0078,0.0554,0.0126,0.0029,0.0366,0.0,0.0829,0.0,0.0482,0.0143,0.169,0.0,0.0009,0.0039,0.0,0.0,0.0376,0.0113,0.0202,0.031,0.0,0.0088,0.0,0.0371,0.0,0.0013,0.0,0.0861,0.0011,0.0,0.011,0.0,0.0,0.0,0.0113,0.0029,0.0,0.3302,0.0,0.0185,0.0115,0.0,0.0339,0.0643,0.0052,0.0092,0.0114,0.0,0.0,0.0,0.0564,0.17,0.2264
11BR073,0.0,0.0,0.2562,0.1031,0.0306,0.0,0.1116,0.1555,0.0033,0.1371,0.2526,0.0482,0.0,0.0058,0.0,0.0,0.1448,0.0502,0.0144,0.0,0.007,0.0,0.0,0.0,0.0341,0.0,0.0,0.0208,0.0,0.0,0.0849,0.0798,0.0,0.0347,0.0019,0.0071,0.0771,0.0,0.013,0.0025,0.0193,0.0561,0.0011,0.0,0.0441,0.0,0.0428,0.0,0.0529,0.0,0.0,0.2516,0.0419,0.1504,0.225,0.0521,0.1806,0.2324,0.3,0.0,0.0151,0.0015,0.1049,0.0529,0.4173,0.0072,0.4245
11BR074,0.0261,0.0988,0.0,0.1025,0.0,0.0,0.0,0.0073,0.0,0.0,0.0,0.0,0.0,0.0011,0.0017,0.0727,0.0244,0.0,0.0502,0.0,0.0695,0.0,0.0225,0.0,0.14,0.0,0.0009,0.0,0.0,0.3128,0.0409,0.0235,0.0,0.0225,0.0,0.011,0.0,0.0052,0.0,0.0021,0.0,0.0573,0.0015,0.0,0.0,0.0,0.0,0.0,0.0,0.0026,0.0,0.2467,0.0,0.0154,0.0293,0.0039,0.0318,0.1333,0.0045,0.0099,0.0238,0.0,0.0,0.0,0.0423,0.0494,0.0917
11BR075,0.098,0.0736,0.0028,0.0157,0.0,0.0,0.0,0.0158,0.0,0.0,0.0,0.0,0.0,0.0103,0.0,0.0646,0.0114,0.007,0.0154,0.0056,0.0832,0.0002,0.0,0.0291,0.0836,0.0,0.0115,0.0023,0.0,0.0,0.0799,0.0544,0.0131,0.0141,0.0,0.0194,0.0,0.0127,0.0,0.0038,0.0,0.0933,0.0043,0.0,0.0084,0.0,0.0018,0.0,0.0103,0.0088,0.0,0.2751,0.0,0.0048,0.1844,0.0,0.0,0.0394,0.1051,0.0,0.0023,0.0,0.0035,0.0,0.0729,0.0567,0.1296
11BR080,0.0305,0.0833,0.0667,0.0606,0.0,0.0,0.0144,0.0671,0.0,0.0709,0.1108,0.0389,0.0152,0.0133,0.0,0.0133,0.0269,0.1187,0.0033,0.004,0.1117,0.0003,0.0113,0.0,0.114,0.0,0.0367,0.0435,0.0,0.0,0.1522,0.1313,0.0,0.005,0.0,0.0,0.0138,0.0082,0.0225,0.0012,0.0,0.0607,0.0002,0.0,0.0,0.0,0.023,0.0,0.0504,0.0212,0.0,0.1551,0.004,0.1015,0.4769,0.0,0.2166,0.3194,0.8968,0.0,0.0051,0.0,0.0467,0.053,0.2933,0.0226,0.3159
13BR009,0.0149,0.0207,0.0,0.0716,0.0,0.0,0.0044,0.0049,0.0,0.0,0.0,0.0,0.0,0.0022,0.0,0.0065,0.0624,0.0104,0.0024,0.0,0.0692,0.0,0.0354,0.0,0.0002,0.005,0.0,0.0312,0.0,0.1228,0.0328,0.0222,0.0,0.0101,0.0,0.0241,0.0,0.0182,0.0,0.0,0.0,0.105,0.0002,0.0,0.0,0.003,0.0056,0.0,0.0265,0.0064,0.0027,0.0908,0.0,0.0678,0.0729,0.0,0.0225,0.1599,0.0,0.0,0.0014,0.0,0.0,0.0,0.0355,0.0264,0.0619
14BR005,0.0197,0.0,0.0,0.2502,0.0,0.0,0.0,0.0,0.0,0.0,0.0,0.0,0.0,0.0028,0.0,0.0,0.0092,0.0,0.0161,0.0,0.0793,0.0,0.0002,0.0,0.0139,0.0,0.0,0.0224,0.0,0.0211,0.0579,0.0435,0.0048,0.0355,0.0,0.0168,0.0,0.0,0.0,0.0055,0.0,0.0727,0.0007,0.0,0.0659,0.0,0.0108,0.0,0.0622,0.0012,0.0,0.2445,0.0,0.0727,0.0387,0.0,0.0,0.026,0.0384,0.0013,0.0104,0.0,0.0,0.0001,0.0623,0.018,0.0803
14BR008,0.2099,0.0935,0.0,0.0437,0.0,0.0,0.0109,0.0,0.0,0.0,0.004,0.0,0.0,0.0,0.017,0.0866,0.0107,0.0007,0.0969,0.0113,0.1225,0.0,0.1935,0.0118,0.2566,0.0015,0.0144,0.0,0.0,0.0691,0.0234,0.0192,0.006,0.0287,0.0116,0.0098,0.0,0.0653,0.0,0.0,0.0,0.0907,0.0003,0.0,0.0,0.0109,0.0,0.0,0.0,0.0063,0.0003,0.2063,0.0,0.0,0.0,0.0,0.0137,0.1067,0.0334,0.0342,0.06,0.0,0.0,0.0,0.0427,0.2502,0.2929
14BR014,0.2066,0.0662,0.0056,0.1123,0.0,0.0,0.0,0.0109,0.0,0.0,0.0,0.0,0.0,0.0045,0.0043,0.0361,0.0442,0.0045,0.0,0.0,0.1152,0.0,0.0454,0.0,0.0876,0.0,0.0212,0.0207,0.0,0.002,0.0296,0.0129,0.0,0.0324,0.0,0.015,0.0,0.0137,0.0,0.0048,0.0,0.0509,0.0055,0.0,0.0119,0.0,0.004,0.0,0.0,0.0086,0.0,0.3015,0.0,0.019,0.0,0.0,0.0032,0.1481,0.0693,0.0,0.0,0.0,0.0,0.0,0.0481,0.126,0.1741
15BR003,0.253,0.0,0.1102,0.0518,0.0,0.0,0.0065,0.0317,0.0111,0.0334,0.0608,0.0,0.0,0.0,0.0,0.045,0.08,0.0082,0.0071,0.0037,0.0967,0.0,0.0542,0.0176,0.1398,0.0,0.0035,0.0,0.0,0.1149,0.0547,0.029,0.0178,0.0424,0.0004,0.0059,0.0054,0.0227,0.0,0.0,0.0,0.0507,0.0007,0.0,0.0,0.0,0.0187,0.0,0.0084,0.0116,0.0,0.1686,0.0,0.0001,0.0272,0.0,0.0702,0.1366,0.0,0.0,0.0005,0.0,0.0,0.0,0.1684,0.1572,0.3256
16BR012,0.0331,0.0537,0.0,0.108,0.0,0.0,0.0401,0.0077,0.0,0.0,0.0,0.0,0.0,0.0032,0.0145,0.0678,0.0196,0.0,0.0089,0.0,0.0501,0.0,0.0388,0.0,0.0846,0.0016,0.002,0.0476,0.0,0.357,0.0103,0.0068,0.0052,0.0229,0.0005,0.0043,0.0,0.0059,0.0,0.0,0.0,0.0445,0.0004,0.0,0.0,0.0052,0.0052,0.0,0.0,0.0003,0.0014,0.1414,0.0,0.1199,0.0706,0.0,0.0232,0.0139,0.0,0.0,0.0079,0.0,0.0,0.0164,0.0221,0.0404,0.0625
18BR002,0.0046,0.2096,0.008,0.1158,0.0,0.0,0.0639,0.0217,0.0,0.0165,0.0355,0.0,0.0027,0.0007,0.0072,0.0769,0.0199,0.0195,0.0382,0.0,0.0547,0.0,0.0556,0.0026,0.0706,0.0,0.0109,0.0137,0.0,0.1687,0.1424,0.0929,0.0148,0.0238,0.0,0.0103,0.0,0.0227,0.0265,0.0,0.0,0.058,0.0008,0.0,0.0,0.0476,0.0,0.0,0.0,0.002,0.0,0.1861,0.0,0.0192,0.1049,0.0027,0.0921,0.0956,0.2697,0.007,0.0152,0.0,0.0374,0.0,0.1578,0.0492,0.207
18BR003,0.0108,0.0,0.1189,0.1868,0.0,0.0,0.0704,0.0606,0.0,0.1221,0.1962,0.0,0.0044,0.0132,0.0054,0.0,0.0638,0.0207,0.0,0.0,0.0675,0.0003,0.0,0.0082,0.04,0.0,0.0,0.0222,0.0,0.0732,0.0709,0.0528,0.0,0.0235,0.0,0.0175,0.0344,0.0,0.0,0.0,0.0,0.0851,0.0026,0.0,0.0131,0.0,0.0083,0.0,0.0,0.0037,0.0,0.2682,0.0145,0.0606,0.1696,0.0,0.1517,0.1647,0.0704,0.0,0.0,0.0089,0.0239,0.0261,0.2374,0.0054,0.2428
18BR004,0.0176,0.0,0.002,0.0798,0.0,0.0,0.0004,0.007,0.0,0.0,0.0,0.0,0.0,0.0213,0.0,0.0098,0.0,0.0,0.0092,0.0,0.0586,0.0,0.0,0.0,0.0101,0.0,0.0034,0.0404,0.0,0.0023,0.024,0.0113,0.0021,0.0097,0.0,0.0113,0.0,0.0029,0.0,0.0039,0.0,0.0605,0.0476,0.0,0.0268,0.0,0.0124,0.0,0.0431,0.01,0.0,0.3321,0.0,0.0821,0.0382,0.0,0.0,0.0063,0.0,0.0003,0.004,0.0,0.0,0.0,0.0238,0.0134,0.0372
18BR006,0.077,0.1032,0.0197,0.0344,0.0,0.0,0.0405,0.0124,0.0,0.0,0.0036,0.0,0.0,0.0067,0.0026,0.0373,0.019,0.0082,0.0079,0.0,0.0542,0.0,0.0558,0.0105,0.0398,0.0,0.0024,0.0217,0.0,0.2233,0.0926,0.0482,0.0326,0.0209,0.0,0.0151,0.0,0.0025,0.0284,0.0,0.0,0.0884,0.0009,0.0,0.0219,0.0,0.0017,0.0,0.0,0.0025,0.0,0.1954,0.0,0.0565,0.0778,0.0123,0.0468,0.0881,0.1086,0.0,0.0087,0.0,0.0021,0.0,0.1132,0.0704,0.1836
18BR007,0.0021,0.0607,0.034,0.0882,0.0,0.0,0.009,0.023,0.0,0.0029,0.0105,0.0,0.0,0.0077,0.0,0.0504,0.0165,0.0083,0.0219,0.0,0.084,0.0001,0.0092,0.0001,0.056,0.0,0.0115,0.0173,0.0,0.1831,0.0525,0.0276,0.0015,0.0124,0.0,0.0119,0.0062,0.0047,0.0,0.0,0.0,0.0556,0.0008,0.0,0.0,0.0,0.0167,0.0,0.0,0.0109,0.0,0.2691,0.0,0.0314,0.0766,0.0,0.0983,0.0852,0.0382,0.003,0.0071,0.0,0.0086,0.0,0.0734,0.0166,0.09
18BR009,0.1799,0.0272,0.185,0.0,0.0281,0.0,0.151,0.0973,0.0426,0.1353,0.147,0.0178,0.0,0.0057,0.0,0.0475,0.0581,0.0787,0.0503,0.0052,0.1316,0.0,0.0968,0.0414,0.2235,0.0,0.0369,0.0175,0.0,0.0,0.0476,0.0395,0.0006,0.0236,0.0187,0.0171,0.071,0.0244,0.0255,0.0,0.0,0.0446,0.0007,0.0,0.0,0.0,0.0078,0.0,0.0527,0.0086,0.0,0.1466,0.0034,0.012,0.0827,0.0305,0.0866,0.7278,0.6372,0.0059,0.0441,0.0167,0.0135,0.0256,0.3527,0.1635,0.5162
18BR010,0.0101,0.0805,0.005,0.0775,0.0,0.0,0.0,0.0178,0.0,0.0,0.0,0.0,0.0,0.0202,0.0,0.0451,0.0246,0.0082,0.0126,0.0,0.081,0.0,0.0525,0.0,0.0722,0.0,0.0174,0.0003,0.0,0.2933,0.0682,0.0383,0.0104,0.015,0.0,0.0081,0.0,0.0091,0.0,0.0,0.0,0.0506,0.0016,0.0,0.0,0.0,0.0,0.0,0.0,0.0063,0.0,0.2594,0.0,0.0505,0.0405,0.0083,0.0362,0.0766,0.1142,0.0,0.0076,0.0,0.0015,0.0,0.0643,0.0376,0.1019
18BR016,0.0648,0.0568,0.0,0.0793,0.0,0.0,0.0,0.0005,0.0,0.0,0.0,0.0,0.0,0.003,0.0048,0.0444,0.0086,0.0,0.036,0.0021,0.082,0.0,0.0039,0.0128,0.1305,0.0002,0.0009,0.0,0.0,0.2126,0.0251,0.0131,0.0,0.0273,0.0,0.0128,0.0,0.0172,0.0,0.0031,0.0,0.0498,0.0029,0.0,0.0,0.0,0.0,0.0,0.0,0.0031,0.0,0.2708,0.0,0.0125,0.0081,0.0,0.0,0.048,0.0127,0.0055,0.0125,0.0,0.0,0.0,0.0363,0.0523,0.0887
18BR017,0.0184,0.0432,0.0237,0.0538,0.0,0.0,0.0438,0.0203,0.001,0.0176,0.0152,0.0,0.0,0.0033,0.0023,0.0684,0.0445,0.0178,0.0516,0.0051,0.1041,0.0001,0.0,0.0166,0.1069,0.0,0.0072,0.029,0.0,0.2421,0.093,0.0845,0.0029,0.0466,0.0028,0.0082,0.0,0.0057,0.0,0.0,0.0,0.0566,0.0007,0.0,0.0,0.0,0.0053,0.0,0.0,0.0063,0.0,0.1658,0.0,0.0536,0.0818,0.0025,0.1836,0.1478,0.0724,0.0082,0.042,0.0,0.0,0.0,0.1359,0.035,0.1709
18BR019,0.0089,0.0115,0.0,0.122,0.0,0.0,0.0128,0.011,0.0,0.0,0.0,0.0,0.0,0.0056,0.0,0.0465,0.0,0.0004,0.0406,0.0,0.0723,0.0,0.0513,0.029,0.1406,0.0,0.0095,0.0011,0.0,0.0412,0.0196,0.0146,0.0,0.0154,0.0,0.0122,0.0,0.0179,0.0,0.0,0.0,0.0564,0.0393,0.0,0.0,0.0,0.0,0.0,0.0,0.0027,0.0,0.2868,0.0,0.0242,0.0102,0.0,0.0253,0.1028,0.0145,0.0096,0.023,0.0,0.0,0.0,0.0236,0.0504,0.074
20BR001,0.0,0.0,0.02,0.2682,0.0,0.0,0.0,0.0291,0.0,0.0,0.0,0.0,0.0,0.0202,0.0,0.0,0.059,0.0093,0.0051,0.0,0.0289,0.0,0.0,0.0,0.0795,0.0,0.0,0.0945,0.0,0.0023,0.1724,0.1057,0.0154,0.0188,0.0,0.0178,0.0,0.0,0.0,0.007,0.0,0.0136,0.0045,0.0,0.0446,0.0,0.0197,0.0,0.0077,0.0003,0.0,0.4016,0.0,0.0108,0.0561,0.0,0.0152,0.1056,0.1963,0.0002,0.0096,0.0,0.0217,0.0,0.147,0.0026,0.1495
20BR002,0.0052,0.1466,0.0,0.0,0.0,0.0,0.0,0.0057,0.0,0.0,0.0,0.0,0.0,0.0129,0.0,0.0791,0.0,0.0006,0.0199,0.0,0.1167,0.0007,0.0672,0.0027,0.1464,0.0,0.0464,0.0171,0.0,0.0344,0.0604,0.0589,0.0,0.0,0.0018,0.0317,0.0,0.0356,0.0,0.0156,0.0,0.0826,0.0013,0.0,0.016,0.0328,0.0,0.0,0.0,0.025,0.0009,0.2414,0.0,0.0481,0.1881,0.0,0.0,0.1416,0.0608,0.0,0.0075,0.0,0.0,0.0,0.0407,0.0461,0.0868
20BR005,0.0086,0.1722,0.0,0.0,0.0021,0.0,0.0,0.0542,0.0,0.0,0.0162,0.0,0.0036,0.0307,0.0,0.0066,0.0143,0.0161,0.0084,0.0,0.0263,0.0012,0.0,0.0336,0.1944,0.0,0.018,0.0056,0.0,0.0,0.0601,0.016,0.0149,0.0073,0.0054,0.0,0.0,0.0,0.0035,0.0055,0.0,0.0,0.0066,0.0,0.0,0.0,0.0049,0.0,0.0423,0.0158,0.0,0.4493,0.0,0.0,0.5658,0.0,0.0,0.1994,0.1561,0.0,0.0,0.0,0.0074,0.0,0.0594,0.0085,0.0679
20BR006,0.0,0.0,0.0,0.056,0.0,0.0,0.0,0.0437,0.0,0.0,0.0002,0.0,0.0086,0.0516,0.0,0.0,0.0,0.0,0.0304,0.0,0.018,0.0014,0.0,0.01,0.3235,0.0,0.0247,0.0092,0.0,0.0,0.0211,0.0074,0.0,0.0089,0.0011,0.0,0.0,0.0042,0.0,0.0084,0.0,0.0,0.0071,0.0,0.0,0.0,0.0,0.0,0.0479,0.0151,0.0,0.4057,0.0,0.0,0.57,0.0,0.0,0.175,0.0329,0.0023,0.0,0.0,0.0,0.0,0.02,0.0152,0.0352
20BR007,0.0,0.0815,0.0739,0.0586,0.0004,0.0,0.0,0.0929,0.0,0.0557,0.0926,0.0,0.0,0.0169,0.0,0.0,0.0298,0.0141,0.0025,0.0,0.0223,0.0,0.0,0.0427,0.1902,0.0,0.0266,0.0,0.0,0.0,0.1149,0.0571,0.0047,0.0416,0.0,0.0,0.0,0.0069,0.0,0.0044,0.0,0.0,0.0027,0.0,0.0,0.0,0.0585,0.0024,0.064,0.0217,0.0,0.4005,0.0,0.0,0.5211,0.0248,0.0272,0.1259,0.133,0.0,0.0,0.0,0.0212,0.0022,0.2004,0.0012,0.2016
20BR008,0.0,0.0655,0.0,0.0156,0.0,0.0,0.0,0.0258,0.0,0.0,0.0076,0.0,0.0,0.012,0.0008,0.0766,0.0,0.0244,0.0359,0.0015,0.0133,0.0002,0.0,0.0175,0.1546,0.0,0.0019,0.0046,0.0,0.0,0.0712,0.0328,0.0071,0.0183,0.0012,0.0,0.0,0.001,0.009,0.0,0.0,0.0057,0.0015,0.0062,0.0,0.0,0.0,0.0098,0.0945,0.0039,0.0,0.4684,0.0,0.0,0.1391,0.0195,0.0,0.2212,0.3539,0.0054,0.0005,0.0,0.0238,0.0,0.0871,0.018,0.105
21BR001,0.0,0.0042,0.127,0.2257,0.0,0.0,0.1114,0.005,0.0005,0.0702,0.0963,0.0355,0.0,0.0,0.0,0.0,0.0826,0.0409,0.0064,0.0,0.0763,0.0,0.0,0.0,0.0013,0.0016,0.0,0.0574,0.0,0.2827,0.0582,0.0639,0.0,0.0115,0.0,0.0078,0.0168,0.0096,0.0,0.0,0.0,0.1832,0.0001,0.0,0.0376,0.035,0.0722,0.0,0.01,0.004,0.0,0.0,0.0,0.2698,0.0355,0.0,0.1433,0.0749,0.3435,0.0,0.0379,0.0,0.0307,0.0355,0.2052,0.0032,0.2084
21BR002,0.0017,0.0527,0.0281,0.2431,0.0,0.0,0.0259,0.0,0.0,0.0,0.0,0.0,0.0,0.0,0.0,0.0,0.0304,0.0,0.0384,0.0212,0.0917,0.0,0.0092,0.0,0.0498,0.0018,0.0012,0.0301,0.0,0.412,0.1698,0.0753,0.0803,0.0119,0.0,0.0091,0.0,0.0012,0.0,0.0,0.0,0.1741,0.0001,0.0,0.0,0.0117,0.0012,0.0,0.0,0.0042,0.0,0.0,0.0,0.1481,0.0053,0.0,0.0066,0.0589,0.0443,0.0126,0.0471,0.0,0.0297,0.0,0.154,0.0246,0.1786
21BR010,0.0163,0.0,0.0,0.0518,0.0,0.0,0.0,0.0089,0.0,0.0,0.0,0.0,0.0011,0.0083,0.0108,0.0344,0.0,0.0,0.0415,0.0,0.0055,0.0,0.0,0.104,0.2222,0.0,0.0,0.0,0.0,0.0,0.0258,0.0008,0.0055,0.0456,0.0023,0.0,0.0,0.0032,0.0,0.0109,0.0,0.0,0.0111,0.0065,0.0,0.0,0.0,0.0026,0.0569,0.0011,0.0,0.4398,0.0,0.0,0.0266,0.0,0.0,0.1156,0.0518,0.0046,0.0004,0.0,0.0,0.0,0.0519,0.0289,0.0808
22BR005,0.003,0.0087,0.0331,0.1753,0.0,0.0,0.0,0.056,0.0,0.0026,0.0068,0.0,0.0,0.0051,0.0,0.0,0.0256,0.0707,0.0202,0.0,0.0677,0.0,0.0,0.0,0.0367,0.0,0.0052,0.0391,0.0,0.0088,0.0499,0.0262,0.0016,0.0193,0.0,0.0368,0.0025,0.0223,0.0,0.0083,0.0,0.0459,0.0007,0.0,0.0118,0.0,0.0033,0.0,0.0252,0.0092,0.0,0.3132,0.0,0.0337,0.1306,0.0485,0.2194,0.3182,0.4379,0.0002,0.0006,0.0031,0.0165,0.0024,0.1171,0.0116,0.1287
22BR006,0.1227,0.0158,0.0294,0.1306,0.0,0.0007,0.027,0.0161,0.0028,0.0117,0.0073,0.0,0.0,0.0053,0.0,0.0556,0.0459,0.0187,0.0384,0.0,0.0715,0.0,0.043,0.0,0.0907,0.0,0.0085,0.0,0.0,0.0474,0.0203,0.0171,0.0013,0.0255,0.007,0.0094,0.0013,0.0136,0.0,0.0027,0.0,0.0433,0.0016,0.0,0.0157,0.0,0.007,0.0,0.0,0.0043,0.0,0.2973,0.0,0.0285,0.0,0.0034,0.0753,0.2421,0.0646,0.0061,0.0243,0.0,0.0,0.0,0.0704,0.102,0.1724
CPT000814,0.0,0.0,0.0148,0.1035,0.0,0.0,0.0133,0.0079,0.0,0.0,0.0,0.0,0.0025,0.0103,0.0,0.0129,0.0066,0.0,0.0,0.0,0.1035,0.0,0.0,0.0,0.0,0.0,0.024,0.0925,0.0,0.0736,0.0766,0.0862,0.0,0.0021,0.0,0.0189,0.0,0.0203,0.0,0.0,0.0,0.0628,0.0003,0.0,0.0183,0.0,0.0186,0.0,0.0,0.0069,0.0,0.1426,0.0,0.2798,0.3182,0.0,0.0476,0.0143,0.0,0.0,0.0106,0.0,0.0055,0.079,0.0623,0.0,0.0623
CPT001846,0.0,0.139,0.0,0.0,0.0,0.0,0.0086,0.0066,0.0,0.0,0.0,0.0,0.0,0.0158,0.0,0.0,0.0079,0.0424,0.047,0.0,0.0,0.0014,0.0,0.0083,0.0669,0.0,0.0325,0.0255,0.0,0.3396,0.0779,0.0631,0.0058,0.0,0.0,0.003,0.0,0.0,0.0583,0.0,0.0,0.1253,0.0004,0.0,0.0,0.0,0.0026,0.0,0.0,0.0069,0.0,0.1742,0.0,0.0986,0.15,0.0,0.0042,0.27,0.5866,0.0049,0.0415,0.0,0.0,0.0,0.1191,0.0235,0.1426
