Patient_ID,B cells naive,B cells memory,Plasma cells,T cells CD8,T cells CD4 naive,T cells CD4 memory resting,T cells CD4 memory activated,T cells follicular helper,T cells regulatory (Tregs),T cells gamma delta,NK cells resting,NK cells activated,Monocytes,Macrophages M0,Macrophages M1,Macrophages M2,Dendritic cells resting,Dendritic cells activated,Mast cells resting,Mast cells activated,Eosinophils,Neutrophils,P-value,Pearson Correlation,Absolute score
01BR001,105.1257024458491,500.73695360074646,545.0620217530955,926.3827817910748,0.0,3669.119138396212,0.0,704.4802191568423,362.774652758092,148.27612762988448,0.0,261.82375511046587,7.197562919441134,3743.577359794801,2681.8823238856803,2598.9133564703297,0.0,0.0,0.0,0.0,0.0,633.6129700747256,0.006,0.2900660617729083,16888.96492578724
01BR008,501.584978616158,6090.443902712029,1617.2232009938762,9484.895902658864,0.0,0.0,5011.916419200661,5813.626868590389,4058.0051393922895,5010.274996433852,0.0,0.0,0.0,4886.261540039428,9589.203139349664,6511.717668274111,0.0,0.0,2129.321681190333,0.0,0.0,0.0,0.002,0.3322087057593331,60704.475437451656
01BR009,0.0,532.6024631853192,4296.193587303128,2069.625267986642,0.0,0.0,997.2168678902872,1137.2862032327882,734.9281897478897,647.0835374448083,816.2228168152479,0.0,0.0,9590.324157961257,4400.349962529368,9381.286980287878,0.0,0.0,485.707332093584,0.0,0.0,0.0,0.006,0.3034584176460455,35088.827366478195
01BR010,0.0,249.82188381832307,619.7566230418734,610.1295481449001,0.0,1183.7356445884652,151.42491702808232,1132.3349447379849,497.1108297677261,221.35666558720123,0.0,177.99935390551775,261.90523305474164,2692.915492306511,1778.0555161391333,3583.621490476175,1638.9379810469695,0.0,1537.5999226530014,0.0,0.0,0.0,0.038,0.166152496963912,16336.706046296606
01BR015,111.02580049869027,211.60252002424988,61.89630346316984,0.0,0.0,2636.265474315361,313.3287961966663,1962.6416273332563,783.2668551691798,234.9042675246016,534.3786064930448,0.0,0.0,7813.250066900947,2655.047755449685,2789.52661234673,518.7595155150925,0.0,1510.754779627292,0.0,0.0,44.87015375227109,0.002,0.4805975441824943,22181.51913461024
01BR017,1650.5243021440313,0.0,1718.096132774537,3566.770657995806,0.0,3721.985532328792,1878.278087074789,969.509574078307,539.591631679986,1801.9568695890532,0.0,0.0,0.0,4485.998606777658,4789.5933228855565,7093.648225566256,1122.3841850352412,0.0,1090.6890078783692,0.0,0.0,100.80971853073028,0.006,0.3043437215264529,34529.835854339115
01BR018,995.6143898543054,0.0,1481.9283319137592,6892.8299033871,0.0,2911.516669523736,2641.3882088351797,2702.4142743278644,977.511147485655,641.4499083243289,0.0,833.7387416854797,0.0,8099.613366757891,4910.331070578295,5098.5447829506265,2118.4868292558726,0.0,1632.095642780884,0.0,0.0,228.3208531318034,0.002,0.3627372439102195,42165.78412079278
01BR020,898.3848756569577,0.0,1436.418276641604,3521.1686480158446,0.0,4430.068722147999,3531.182809705697,2410.5446716572787,690.6368740818199,695.7825641228961,1109.2529414333023,0.0,0.0,4122.866403138213,3921.424238651128,7508.422690884662,1014.7277580841412,0.0,101.85907334037005,0.0,0.0,471.6129435444166,0.002,0.3516972341751903,35864.35349110633
01BR023,121.54042901763889,0.0,157.0149804124599,226.8313047943254,0.0,458.40292589372746,0.0,0.0,0.0,0.0,0.0,0.0,0.0,66.96786200127322,664.5201346559063,1442.9551245973937,429.3649210537328,0.0,1272.0832000086348,0.0,0.0,151.49664410747363,0.434,0.0174548839454386,4991.177526542566
01BR025,343.7314252806071,0.0,272.8689386872217,192.27948831606983,0.0,1534.8464900199815,148.31613438173298,157.04594023930895,253.5305336604529,189.0264371625104,0.0,0.0,821.1060499399704,512.002117080739,466.6091773837032,5505.575267596333,168.50290495277207,0.0,1150.1578158109558,0.0,0.0,41.6378586021085,0.826,-0.0216,11757.236579114468
01BR026,1399.108648166659,0.0,0.0,62.796896100580106,0.0,6393.050876673608,0.0,0.0,827.2027386639286,1673.1232784267413,0.0,406.6455420218168,0.0,16038.386055442525,7005.448607004732,9035.627104317466,701.3456583051742,0.0,2537.0623084377376,0.0,0.0,437.8029741133483,0.0,0.5906047719966525,46517.60068767431
01BR027,0.0,124.13078729674376,554.4046122581734,1981.0114675439447,0.0,1226.7719586268072,1016.9045599395256,912.1037822493056,413.85240935475633,339.8249752789672,0.0,0.0,0.0,2205.2697201006163,1033.2473075039798,4239.534711654191,888.8969339711729,0.0,229.043370718573,0.0,0.0,48.45285348951753,0.012,0.2198629316452955,15213.449449986274
01BR030,0.0,1823.7322269853007,4078.069700064488,9051.395413961014,0.0,3644.478127635636,2440.8195325598376,2342.384824589003,1634.903412472166,1676.6039763725123,0.0,1309.596937381236,267.32827898903275,2128.433621823792,3286.077518366305,8375.422208325026,983.8562419330156,0.0,8882.011606227818,0.0,0.0,0.0,0.006,0.3080478987661811,51925.11362768618
01BR031,1027.7809071765332,0.0,368.7729567125009,296.9550320707314,0.0,1741.7394191395886,161.84726416702367,1022.596648294186,442.9447298264092,448.20810503843137,31.420453494911914,302.9530663787056,0.0,5733.756562497295,2606.908215373732,6713.4526214816415,442.8379695511824,0.0,0.0,745.0600571070277,0.0,1245.855686335868,0.002,0.4017272273740874,23333.08969464577
01BR032,0.0,29.172313102730985,0.0,0.0,0.0,1364.785454644558,0.0,587.6770759098137,2.8898663484347127,0.0,336.1097137898338,0.0,92.19471050917444,3153.2893395705405,0.0,1371.609049402488,65.61660717001152,0.0,809.8691286537471,0.0,78.81370334491277,12.34853754666964,0.246,0.0459409781725626,7904.375499992915
01BR033,1624.606655781117,0.0,1052.2905396130943,2539.6863809556485,0.0,1120.4953363594946,1126.2484660909563,824.4521654961688,865.6259712501759,1405.2848775898028,0.0,0.0,73.98376794627973,3493.051578435516,3790.84316361634,7899.458027054334,2204.736554820195,0.0,2361.8154939885744,0.0,0.0,585.943802158372,0.002,0.4526086020876192,30968.52278115607
01BR040,0.0,1897.642816019727,1932.401517885752,5047.621994956393,0.0,0.0,2338.273913321563,3942.899075512812,129.69332807537157,2572.989504513161,0.0,3243.5299241436173,0.0,1468.17892785348,7188.956542711434,8772.596828427997,3964.765219814295,0.0,1766.034092980043,0.0,0.0,273.0509407787057,0.006,0.3045139329876146,44538.63462699435
01BR042,23.09027768190099,169.97159724915633,0.0,1785.3372182056828,0.0,0.0,1976.2142905004412,1641.4979125473128,579.7578932310732,526.8804181975403,0.0,1033.5803431710085,165.7320932622852,2316.996921356551,5861.93140276421,6848.210081770775,242.8725946114105,0.0,1357.2105083168078,0.0,0.0,25.777524809293663,0.002,0.4264343069043906,24555.06107767545
01BR043,1245.5753096295582,0.0,1136.1819251170723,9116.95225689346,0.0,0.0,7097.640932305182,0.0,221.0013728452873,0.0,0.0,1073.9076230401688,0.0,6596.045258719517,4709.201096610329,4676.278310201768,1045.4835904146792,0.0,1529.9617832563476,0.0,0.0,0.0,0.002,0.3973473767110658,38448.22945903337
03BR002,214.36652797687887,0.0,800.6140319628514,0.0,0.0,1480.5810260015433,0.0,196.7711873147294,138.02557607505992,31.313991286056485,34.92317571897074,62.89866389621228,1602.4430957320512,0.0,914.7849601911304,3996.8338222869206,555.2650539620771,0.0,5091.168027222329,0.0,0.0,65.91253724285042,0.006,0.2992835867938528,15185.901676869662
03BR004,46.66983256452031,0.0,22.76276501392088,517.6544012291391,0.0,2485.4005962694914,0.0,403.6788054701798,0.0,0.0,0.0,451.390966067624,660.6490768076253,0.0,956.0465806304784,5542.293520336166,37.43495897679474,0.0,3502.4752013031853,0.0,0.0,254.7494170870543,0.01,0.2404893579954452,14881.20612175618
03BR005,663.2704221703029,0.0,264.8086200414323,1697.7033320711855,0.0,3179.6782719907483,0.0,539.2155329824915,0.0,477.7093646453923,0.0,1206.5196025673138,2055.2376711944307,0.0,2349.9436151357936,4834.594523148953,997.7600811133486,0.0,2547.97250073278,1106.1265640676113,0.0,200.4831656259968,0.014,0.2088059268030166,22121.02326748778
03BR006,0.0,0.0,432.4226069694006,2334.325836596221,0.0,0.0,2552.31783950543,2068.0945910247783,450.3925359775357,340.8496622593429,0.0,0.0,0.0,5395.208591140327,2101.148990097874,3706.399154460962,135.95194674036512,0.0,274.34043625421174,0.0,0.0,87.36653004993317,0.01,0.2558843130538621,19878.818721076383
03BR010,410.1797252388953,0.0,27.682495664850475,921.536447386399,0.0,705.1521467229855,0.0,646.866192382019,0.0,1105.417914458213,0.0,243.0324398442536,0.0,0.0,1799.2164900093874,3030.0157536815373,541.1247007063585,0.0,1371.772878920795,0.0,27.83901371179505,0.0,0.158,0.0698778137572605,10829.83619872749
03BR013,2316.027570098537,948.2168870026662,0.0,1966.0255069147545,0.0,5919.653678925995,546.1358558846168,1265.766473635848,732.1175423646323,3392.809723839628,0.0,0.0,0.0,3469.156996686561,3827.607445181589,3175.7628913565773,981.1343322259464,0.0,4146.8614770687,0.0,0.0,116.95642304670191,0.002,0.4327487661974856,32804.23280423275
05BR001,1147.0817542835337,0.0,549.5738060655276,3207.591832715685,0.0,9239.703617184565,3473.945751920158,2707.2706344552103,44.03279014392567,2139.4824644077416,0.0,2062.634691094705,66.74854551309075,1834.870213589324,7318.341722937797,9117.38790982741,3484.6925355278595,0.0,3334.1734079323437,0.0,0.0,443.6182072915208,0.002,0.3934873703628895,50171.1498848904
05BR003,2399.5436332525,0.0,2042.118009289026,462.28162509199694,0.0,4808.700050887621,652.4726390842981,116.16079648879384,0.0,372.8222032179678,0.0,48.33013418595136,0.0,2259.520511094051,2100.5806632111617,7201.788423641341,496.3334451255996,0.0,2567.897948517543,0.0,0.0,0.0,0.006,0.3129852328618889,25528.55008308785
05BR004,95.18805286367557,0.0,329.6934074390288,2043.214248867576,0.0,5695.3201416821175,0.0,65.42203782741906,0.0,294.8943383667304,0.0,581.1173041613188,606.4967765729925,0.0,1634.292996330022,4335.733728382809,1123.372510586861,0.0,2292.294966516596,0.0,0.0,0.0,0.01,0.2366013298880654,19097.040509597147
05BR005,0.0,90.93607380612616,0.0,0.0,0.0,1895.9432682575768,0.0,206.9794945028326,209.45812201843864,0.0,382.9508163202913,0.0,0.0,4083.524667688063,0.0,3207.007875654122,0.0,0.0,1315.562073920812,0.0,0.0,0.0,0.02,0.2017089338860317,11392.362392168265
05BR009,962.4701888008294,0.0,183.3290553083524,437.137189577689,0.0,5996.119243463168,0.0,392.5507299313095,0.0,639.6032496594141,0.0,487.8698983158279,140.44940088975386,4691.728685844611,214.0855223808206,6941.3585869202,1817.4745571175588,9.80662990413616,5341.252473286797,0.0,0.0,66.14115168201657,0.002,0.4409692584871194,28321.37656308249
05BR016,77.58650883243386,0.0,163.10348822141654,422.87673576910834,0.0,1921.272207692129,0.0,490.0928216958207,131.05511886314858,546.649014831209,0.0,332.0702993344111,530.837023856546,169.9310163218572,809.6202463944762,4574.873524226759,305.1103688506797,0.0,0.0,530.7206330158541,0.0,0.0,0.044,0.1547664464747247,11005.799007905847
05BR026,905.7595165435466,0.0,181.8729912365607,3427.221802371514,0.0,4949.559278469325,0.0,699.625709388548,180.80887722911407,1872.512452377152,0.0,986.7107855435391,1654.922036691007,1475.786705330855,1366.0898889639504,9512.290974822386,182.8057337921466,0.0,6134.131007920425,0.0,0.0,0.0,0.002,0.349749735861294,33530.09776068007
05BR029,387.7815383905801,0.0,102.01880783234829,3075.3345638471646,0.0,1699.4555999911463,1443.5777758850854,94.5012167626874,0.0,794.2564824776772,0.0,2066.0828113739576,0.0,3235.722970979181,1939.0930645494536,1880.3122885110545,1021.2336660309712,0.0,460.5471464850412,0.0,128.31825207198412,0.0,0.05,0.1449342943963456,18328.23618518833
05BR038,1111.1662671879433,0.0,44.77081548330816,355.37552942631123,0.0,3101.7782570786944,0.0,1261.0844542839832,670.3467881469047,0.0,0.0,0.0,0.0,3549.7552604090106,2212.847040662679,4396.291237991552,549.1538624434941,0.0,2839.778938840976,0.0,0.0,0.0,0.006,0.3123975975092152,20092.34845195485
05BR042,2888.8868153403155,0.0,2403.945602296192,1705.642272558296,0.0,4555.710407372154,1865.2228850464635,26.82711655351934,73.53497844869469,0.0,902.9951043459978,0.0,0.0,8095.308752484856,4334.384692610208,2825.8743550155905,1352.4495135213865,0.0,258.4377891775043,0.0,0.0,650.0046216946683,0.002,0.4066514454404261,31939.224906465846
05BR043,449.55087210325127,693.7154816727406,0.0,2683.763174169965,0.0,522.4782465783925,0.0,3208.795925754448,0.0,0.0,0.0,1681.5470602175592,167.326426509427,5065.030135303178,7208.199808950784,7566.671605124913,250.07917362715844,0.0,2744.345893782388,0.0,0.0,134.4081554602123,0.002,0.4831178074921261,32375.91195925442
05BR044,862.7799170764197,0.0,1828.832784786782,238.95646019672347,0.0,3618.754350754943,49.44172285986847,0.0,235.86208494955756,0.0,0.0,431.2134217093867,40.29427778263612,1204.5056117828656,2425.5727726932,5098.143771412827,678.0695066961134,195.8167924168624,3604.905000558766,0.0,0.0,0.0,0.002,0.3856498487777156,20513.14847567695
05BR045,54.85400718087144,0.0,64.88383416556053,1216.312213034401,0.0,2550.0361025154984,0.0,1983.250917070284,1616.8690795798764,342.5885542268801,0.0,1078.3576209965372,0.0,6645.210023812755,2448.860953394363,1546.027916596488,1046.7104096985684,0.0,1242.6184353928388,0.0,0.0,23.89182705498814,0.01,0.2677246102073841,21860.47189471991
06BR003,666.5771444370571,1125.3254390466354,1919.0149565322645,2093.220689371881,0.0,4925.059992756358,531.0866043672253,1679.088364942877,0.0,1997.1808102482096,0.0,0.0,0.0,1741.469050461541,1971.866090240575,6922.702742088277,713.1399624869332,0.0,1957.0693423214475,0.0,0.0,0.0,0.02,0.2046506237939543,28242.80118930128
06BR005,1124.8341648324,0.0,16.319852310106576,493.572995611075,0.0,3930.337886892408,0.0,1546.2760685453932,658.3883045248518,260.2013767361136,0.0,86.13467189824927,0.0,3393.320721595957,2312.222898733298,4400.205352845098,955.254762669567,0.0,5465.507932806576,0.0,0.0,588.4533927150836,0.006,0.3171908377838494,25231.030382716177
06BR006,0.0,735.2024537758584,2391.19726904101,2354.709116063565,0.0,4879.0495586965535,300.8547974073318,451.3154946330304,0.0,2472.0125561797336,0.0,0.0,0.0,0.0,2674.248647387883,9295.17471384369,1751.8050760830863,0.0,4218.046236897303,0.0,0.0,151.72408009969877,0.002,0.3376951660414489,31675.340000108743
06BR014,502.5166792166643,0.0,13.228582188523031,32.714638654734166,0.0,1353.1604174753168,0.0,767.8632046254886,0.0,157.36496026877205,0.0,103.33658301403656,1636.346181549411,0.0,638.2106821002775,3438.0245090115463,0.0,184.70437530095123,2133.1152221704565,144.8288465776758,0.0,0.0,0.056,0.1362708232022237,11105.414882153857
09BR001,612.3104532792702,0.0,28.972672623054887,279.0066493433599,0.0,25.796287216206025,0.0,930.138936560049,111.32226520072328,105.87944857462882,0.0,186.0896808301391,0.0,4615.214695776822,386.1863129121846,4875.25427946294,0.0,0.0,1383.0548734519457,82.82804332285014,0.0,56.69479069481658,0.042,0.1581423673924403,13678.74938924899
09BR004,1111.2285870025646,0.0,644.8428502847214,1410.779322555293,0.0,384.69349314352064,0.0,1483.6597578464095,0.0,0.0,81.16971135434311,762.0070579258024,496.1004419749921,0.0,1379.0854056339003,2068.2866309337564,92.97219394096592,0.0,0.0,0.0,0.0,0.0,0.112,0.0926392102299032,9914.82545259627
09BR005,232.07102687539088,0.0,0.0,127.65789346634966,0.0,618.0488018287188,0.0,181.0068960080826,116.65565086001064,63.57751126949815,0.0,110.57575935208544,0.0,2500.8946449972705,217.03713129545037,3984.9552841974505,0.0,0.0,609.1097208235674,0.0,0.0,70.54289234743437,0.034,0.1804661829281029,8832.133213321309
09BR007,530.5201051706538,0.0,1117.143051480569,3083.720463484955,0.0,766.6522911354095,709.1685945176471,1656.027933802349,898.8154555220403,663.556076363185,0.0,0.0,0.0,9362.41283214092,1934.4096795850128,3427.573190277444,972.0384261762812,0.0,584.66107715786,0.0,0.0,9.122011213246235,0.084,0.1117777732324559,25715.82118802757
11BR003,1206.7569166720257,454.597664915159,24.31349922533549,8836.26875797459,0.0,2706.520715226577,3416.193772087074,3282.494661609644,0.0,4779.414064828221,0.0,1138.5475644913895,0.0,2908.2310791454497,8126.674783298677,5367.393554625664,1498.7016282646707,0.0,2780.795222363133,0.0,0.0,53.699571743191456,0.002,0.3726886020973718,46580.6034564708
11BR004,1029.2727248259573,0.0,803.1582681558468,3348.531858977305,0.0,3420.630226868435,5426.468035480642,386.5983439594493,0.0,2227.128967145944,0.0,456.8885030643996,0.0,5965.440936761214,10063.908642070664,7018.860896297069,1473.6961475394971,0.0,5278.038300735004,0.0,0.0,2814.7742819506616,0.032,0.1829321474231502,49713.39613383209
11BR006,409.50705842879375,0.0,24.29928310035953,413.480684829456,0.0,1705.6758735996627,0.0,456.8849038213418,269.947667144274,0.0,0.0,220.4548194086866,1748.092489576433,2442.2793377031207,945.1140205740946,10072.587214089472,1091.7912603162713,0.0,2569.875115479571,0.0,0.0,2674.732991069738,0.002,0.442065119855084,25044.722719141275
11BR009,679.516585820269,0.0,337.0556222582177,2843.545126207536,0.0,5500.285889057534,751.0539437523076,659.9398794314574,0.0,1416.228737606404,0.0,0.0,35.502827703028046,0.0,3200.798263507947,3467.237301750713,1849.8471606372848,0.0,1404.9108007483928,0.0,0.0,0.0,0.006,0.288218127463291,22145.92213848109
11BR010,676.8552011867212,0.0,14.63855774430663,1062.3349836069185,0.0,6147.885264743287,214.9429333218908,1647.4417273801678,1027.1899774112237,490.48810021442495,0.0,0.0,8.353696335278908,3594.774766383119,5222.339605229436,1522.125932148974,1128.4119111783966,0.0,2956.3641929350497,0.0,0.0,0.0,0.002,0.3692415017026934,25714.146849819197
11BR011,0.0,530.3564488360988,3327.143385081636,5605.872344828412,0.0,4567.706294775326,720.0466690648574,3993.326912157285,1031.6614753886845,4348.828065971875,0.0,374.87001063546126,0.0,7125.229123470536,3931.9056544319055,4133.999516347071,602.7818899447471,0.0,2901.8450636320817,0.0,0.0,0.0,0.006,0.2932641146982866,43195.57285456598
11BR012,73.44223393280411,72.00994391080975,0.0,3416.7241255291256,0.0,287.0883384246554,123.08433306513346,1642.129634600862,237.00601261112308,546.304200624459,0.0,545.3763116367686,0.0,1667.7067892807038,1914.0827240345384,3603.595974072193,268.84067632574056,0.0,2321.6237409485784,0.0,0.0,0.0,0.182,0.0636346884950649,16719.015038997495
11BR013,598.5812492706019,0.0,129.0029345389093,414.6075136688968,0.0,2498.8015945669804,0.0,182.6000150336929,0.0,196.73378177736404,0.0,458.1500524057701,1544.8449308395902,0.0,708.9284985473091,3958.171844420634,410.8644149622231,0.0,2731.587744116446,0.0,0.0,0.0,0.01,0.2256835121792106,13832.874574148418
11BR014,1162.0738236896436,0.0,681.7583577998062,1635.3200844183343,0.0,3075.9571563693667,0.0,798.8800568942029,90.41549757464058,812.0553994444705,0.0,0.0,0.0,3200.7223135890026,1989.6953794821488,6520.672410267997,0.0,0.0,3068.0474410609286,0.0,0.0,10.52312916021583,0.002,0.4369403505718108,23046.12104975076
11BR015,201.08705705031247,0.0,26.356875942913533,366.7189967290799,0.0,1819.5154387945308,0.0,104.656555001126,0.0,101.5212575115796,0.0,20.639541199164007,29.40580432500527,1039.114440686435,658.3776422418457,4345.082490552868,53.009127314539015,0.0,1217.0597104840567,117.16348808091372,0.0,86.720195233687,0.03,0.1944404578843449,10186.428621148058
11BR016,302.45312772671895,816.4031931097543,375.4977511233944,166.5429453309091,0.0,4025.736941947084,2887.038497586545,3354.555508234861,0.0,2868.55676957531,0.0,0.0,0.0,7960.302483115094,6427.356602845508,1463.017538618811,0.0,2140.04856642756,0.0,0.0,0.0,278.7689461026262,0.002,0.3336591110683259,33066.27887174417
11BR017,0.0,0.0,3630.8079675876775,3958.112485617227,0.0,4839.414744715805,2018.641930827464,2660.0198373620483,107.09033077835916,1054.7785471594666,0.0,0.0,0.0,4163.625071751405,1702.3940694858768,5902.688277460141,0.0,2674.983681596236,857.0542433808342,0.0,0.0,40.85745361579926,0.006,0.2865103528220497,33610.46864133834
11BR018,1908.4139780869036,0.0,1673.234682873875,5564.566779519473,0.0,7783.023951557884,436.2833648738233,2170.3105942435363,1243.5531510287385,1684.9125755763175,0.0,0.0,0.0,0.0,2003.3887106979812,7212.478560007794,5193.283084628504,0.0,4769.588318892406,0.0,0.0,0.0,0.002,0.3456593930206542,41643.03775198724
11BR019,712.666980229348,2025.857507899052,3387.403031667676,2785.736758618676,0.0,6106.898472676054,668.2407442428406,2285.421777253838,1216.0664371371745,2909.124762025438,0.0,0.0,0.0,3543.245218643024,3371.315241793295,5134.931649457145,511.865848190146,0.0,3523.009041272117,0.0,0.0,0.0,0.01,0.2621815449038972,38181.783471105824
11BR020,1360.1492192309845,0.0,0.0,1468.2028889779635,0.0,9067.441529556172,874.956153322515,3655.389907071544,448.5183377215303,2788.539255036273,0.0,0.0,0.0,3231.6317667830745,4668.2813301871565,5963.205972433845,1149.4154727277448,0.0,1384.7166819083004,0.0,0.0,0.0,0.002,0.3862685590837035,36060.44851495711
11BR022,128.68347500030188,0.0,1788.4772676862797,1390.4208275272258,0.0,1675.0982242402056,0.0,944.7256711835578,331.1946878697489,395.3945401381895,0.0,331.9703836452884,1860.272014548408,1304.1814442827815,787.7703965849927,5580.622691536314,291.48780999917443,533.4400634584367,951.1932344029764,0.0,0.0,140.41036521031393,0.006,0.30832733343635,18435.343097314195
11BR023,763.9774523653854,0.0,13.29571651514823,4295.243251574364,0.0,2454.6081549273963,1364.2454040995794,3690.800279722497,892.8316664932727,1156.997713979718,0.0,0.0,0.0,4281.190204488063,4492.157541231323,10488.42616484,0.0,0.0,831.7644785681117,0.0,0.0,0.0,0.002,0.3918707179027282,34725.53802880486
11BR024,0.0,219.90809437167843,3145.1219120256374,13237.062674480916,0.0,0.0,4351.411902046238,2463.799827474376,616.0773998846511,2598.10354824862,0.0,0.0,0.0,2160.8598005496165,6096.509892265848,5055.547554337443,691.8085918534921,0.0,541.0937021032255,0.0,0.0,0.0,0.002,0.4130632554544509,41177.30489964174
11BR025,91.13915893919412,0.0,2.565881384319457,121.23068220676336,0.0,670.1916099315915,0.0,150.04833310747094,0.0,54.10893398908408,0.0,44.31997678694723,0.0,1498.387364637634,507.40244289427176,2292.169704074632,0.0,0.0,1075.290135535799,0.0,0.0,296.3238811638669,0.034,0.1790113490730654,6803.178104651574
11BR027,56.6121628009483,22.35665203154839,0.0,676.2863450967883,0.0,2747.2990220310685,0.0,790.6978508955266,63.98715014140261,2031.0809707449491,0.0,275.5164253154345,1545.3284896235969,194.63780590959576,1121.0581588565224,7178.729978880593,317.64372792161066,0.0,4485.054746538602,0.0,0.0,0.0,0.014,0.2127442588512838,21506.289486788188
11BR028,375.976842899908,0.0,0.0,357.6048218867174,0.0,1934.2291897838395,0.0,404.56057436147705,110.20909794908808,547.629516618015,0.0,329.1901518515172,1333.0515015508513,1757.9182889554777,856.4132009641353,4291.677369442947,635.7834239020576,0.0,1595.9934439134229,0.0,0.0,0.0,0.036,0.1721293863094387,14530.237424079454
11BR030,1269.756140174623,1079.421140446878,0.0,10511.79660991983,0.0,11233.84492053234,3064.2841237063253,0.0,873.8045122525508,5440.397880996017,0.0,0.0,0.0,2236.719792475325,3940.6865603200026,4871.954888368448,826.247219321471,0.0,2285.130634043283,0.0,0.0,44.10897077658489,0.002,0.3985621674532757,47678.15339333368
11BR031,199.88213836327668,385.61182720651794,950.625104228714,2917.666819618048,0.0,2711.819107541939,302.8487457703375,1981.035974001216,63.47133740662871,1729.4151528271595,0.0,0.0,0.0,2221.048810651191,4352.566415332987,7857.019561570994,361.4064772361746,0.0,3886.4418553247256,0.0,0.0,0.0,0.002,0.4519668253024611,29920.85932707991
11BR032,3055.9439493274485,0.0,3180.293238617167,2414.4967414825637,0.0,2743.7310564391523,895.7069940036106,624.347508708416,206.36423166847376,405.9192560878296,0.0,0.0,1049.7987879258692,502.5956444660386,2541.4386228276303,6000.590813584167,1805.3017767550743,0.0,3984.0307288756767,0.0,0.0,54.36679815589116,0.0,0.4937080964087639,29464.92614892501
11BR036,0.0,0.0,2.7491106444045585,0.0,0.0,466.1562666225748,0.0,126.16589406022966,136.07885627987042,0.0,205.6251986742124,0.0,0.0,4623.864128037328,117.7557351370511,435.7345368946884,38.6034169534506,0.0,0.0,63.497073789720126,72.53861348130518,0.0,0.002,0.3308230476251683,6288.768830574835
11BR038,5861.44008429874,0.0,1801.086292303586,1235.4646248916051,0.0,3580.5801619060194,1648.4611604753134,2547.694251774699,954.0780470546276,2041.1723089037623,0.0,0.0,0.0,4038.863249716429,0.0,10513.913269005272,9918.238339137552,2769.2719675721646,1838.3713544479745,0.0,909.5619225679352,340.44245874713044,0.002,0.388266959277072,49998.63949280281
11BR040,287.64171864029464,0.0,131.88196773235086,383.0646462904679,0.0,2587.98903330424,0.0,574.3425758541719,495.2205482290843,1194.9504834378806,0.0,0.0,0.0,1852.885039948399,1620.2012523721974,5656.069717526448,1416.72550353596,0.0,2012.3130832310253,0.0,0.0,0.0,0.018,0.2068645989605832,18213.28557010252
11BR042,0.0,250.3437802924512,940.1274338996948,1167.047922469873,0.0,1951.610593190484,1226.397297585632,828.7405751135414,160.56637404455918,234.3014608079353,12.295918529164062,0.0,0.0,2202.117821355476,2511.681309743601,5162.737263008005,1380.5261752631309,0.0,1672.6548063701132,0.0,0.0,8.462988975417645,0.01,0.2689446393823292,19709.61172064908
11BR043,1733.323168946378,0.0,571.7979296652263,4532.351748277659,0.0,8694.955348291849,827.3493309763098,2122.7784299965583,920.5375571410232,1926.1436633605535,0.0,1647.0055617475743,182.2180136096167,4255.653117334131,4183.160349011309,6593.008198899524,475.6184157785876,0.0,1813.524614447776,0.0,0.0,121.6770980116328,0.002,0.4818644434219043,40601.10254549571
11BR044,493.6051689300734,510.2687157049084,330.6175802046955,2154.0210331934686,0.0,2631.9862761200006,60.84562269160361,1398.9426994016435,613.24387151372,1301.383447459141,0.0,0.0,0.0,6451.701765125256,2948.4290809505446,5861.640295747887,449.2563651644347,0.0,2310.300109255368,0.0,0.0,0.0,0.122,0.0841350072019449,27516.242031462745
11BR047,576.0848096944868,0.0,430.3578634298532,1033.7593249613244,0.0,2046.5212275603087,0.0,231.65759071486565,201.66191115088236,0.0,0.0,151.1605920537133,0.0,2581.3094089761166,2491.306342739134,4056.600852152076,538.2932287069045,0.0,3216.587761359594,0.0,0.0,157.32696862012386,0.014,0.2115292243345281,17712.627882119385
11BR049,1588.9893288521814,0.0,76.92919574404452,3068.066755380668,0.0,3149.971672864008,767.7288499654767,2236.889892157165,113.27387615001751,904.931109157116,0.0,0.0,0.0,5624.015282994527,2722.316856469604,6253.345852763776,175.68768132303902,0.0,882.0337274126626,0.0,0.0,0.0,0.002,0.3413840011396552,27564.180081234284
11BR050,476.1995734063933,457.0625612701709,0.0,3212.9775626999285,0.0,2671.4374256857955,960.1624265711828,485.6810104195751,0.0,1988.4590672841143,0.0,0.0,978.844379059231,66.62757816828632,2844.246424221604,9710.974217261984,1972.784661610606,0.0,2807.857974182852,0.0,0.0,0.0,0.006,0.3120388053763866,28633.314861841725
11BR051,336.04534988646463,155.15857191359126,211.2396609008005,117.57770471918737,0.0,3869.2276112679215,0.0,885.825096109282,855.0207873090361,325.42944242973584,0.0,106.65281588419866,381.55432143402993,3172.1608861671925,1547.553152059622,7150.312304451917,82.03083309409391,0.0,1847.5438985690664,0.0,0.0,166.5874433314463,0.002,0.3305754949842331,21209.919879527588
11BR053,1135.1895520807825,0.0,243.8770545386244,0.0,0.0,526.4777934386417,0.0,492.6453894660235,0.0,211.9423091054427,0.0,84.43291681955513,0.0,2036.129685845509,245.65518965977097,3339.1949838182004,398.7296269622609,0.0,3489.887321212708,0.0,0.0,81.61680860535331,0.084,0.111027333125967,12285.778631552872
11BR054,116.20522704571384,0.0,10.380951479927472,1317.549497455091,0.0,799.9376519879388,42.58458337713412,302.87583629209814,339.57107114477606,0.0,0.0,80.1460469406811,657.2347347555045,0.0,763.8835005517586,4152.042794437886,942.6781317538828,0.0,1397.1424208370802,0.0,0.0,40.51539645733759,0.15,0.0757987770503907,10962.74784451681
11BR055,324.13775974718186,0.0,31.62710526643149,584.2760131832997,0.0,216.2832812209273,0.0,800.0066219788818,511.20792409663073,859.3959497091757,0.0,216.49793804680988,0.0,8970.086694659209,1334.107451704323,3717.751000680437,220.2089636502813,0.0,1747.4070415407205,346.49378145837966,0.0,0.0,0.0,0.5252095158472412,19879.48752694269
11BR056,1442.1780067403329,170.04788749089118,3074.1418101800223,5313.939419501075,0.0,3237.812193349592,790.0710699501591,2116.2586169070587,774.1061785754027,946.623468631036,0.0,0.0,0.0,4937.5223228217565,2139.9897650251696,6855.368773467885,1614.7002701250865,0.0,1416.6635539982797,0.0,0.0,0.0,0.006,0.2995394728690191,34829.42333676375
11BR058,107.036225564139,0.0,0.0,419.6869497174808,0.0,952.360604062562,0.0,1190.2543860142407,474.4084759120477,337.8427692045632,0.0,45.61349895227443,0.0,8922.75090326471,1432.6869885105862,5583.024747819165,304.98184206478874,0.0,1261.6348862201726,0.0,0.0,552.3977801756487,0.0,0.5758441438733287,21584.68005748238
11BR059,1082.7289772968154,0.0,374.4595373119705,2557.346479280439,0.0,3493.8991836261966,90.81002944587831,785.0912990740633,362.29348903766817,895.4923826135057,0.0,385.50134031269647,201.3590178488116,4407.034666544071,4117.839801463838,4263.030947597754,2414.550974048823,0.0,1599.0955653546473,0.0,0.0,0.0,0.006,0.2997438113221973,27030.533690857177
11BR060,372.46029402445015,245.45447870617863,0.0,1011.468130709986,0.0,4029.9725585877313,0.0,451.854696017797,689.8488378046503,2580.834084879866,0.0,183.53916086403677,0.0,5054.977950801698,5517.0513839834375,6515.889878828854,139.79319249350448,0.0,1193.8868933304618,258.1156697805153,0.0,609.9731068277455,0.002,0.3907484537382659,28855.120317640914
11BR072,1298.6198554809423,0.0,80.12214575321173,328.1417591484094,0.0,4137.470118810326,277.83629309619937,534.1657671440465,0.0,1086.2088946356437,0.0,253.5859113945156,0.0,1035.835901176711,2730.8572315232987,4187.429013415317,973.425824664338,0.0,4095.6143231496912,0.0,0.0,0.0,0.006,0.3201239981292108,21019.31303939265
11BR073,1636.281361727809,449.82636426100976,113.38668768174108,2463.94892478317,0.0,11170.955507295494,5912.932671225117,0.0,0.0,7718.603859342106,0.0,0.0,0.0,2983.8616045110325,5769.654327389094,6776.9699623029255,654.6087404096146,0.0,2777.449986842587,0.0,0.0,0.0,0.002,0.3814187381632009,48428.4799977717
11BR074,17.871984023538282,340.2371619207489,0.0,741.1507169460119,0.0,1424.876247862811,0.0,239.23415925481444,502.50902477670127,1417.3066634525233,0.0,429.7105844210929,0.0,6579.723667158215,1058.6276765987352,6024.339945157947,183.25892559702731,0.0,2007.685064458671,160.88440279444222,0.0,0.0,0.002,0.4241780995429001,21127.41622442328
11BR075,592.1195518813367,0.0,5.957239814321473,1579.9350424276024,0.0,812.7939696854946,219.37471772598127,837.8027399940469,0.0,766.9922313623299,0.0,0.0,316.8760728008468,2209.820847826497,1622.6054515779324,8836.986387316474,405.9850233545089,0.0,1699.11337847581,0.0,0.0,111.05991725430025,0.01,0.2628226750442489,20017.42257149748
11BR080,281.112499696819,0.0,0.0,5800.9523720959405,0.0,633.0657012542268,3302.93545561131,2452.048328418688,539.9285288149387,2275.4557811987142,0.0,1047.918801719803,0.0,2806.6751488691443,4277.958896390425,11544.997171061166,3461.568425852244,711.513792493258,1939.3438433047277,0.0,0.0,213.70305260773253,0.0,0.4889217623842142,41289.17779938914
13BR009,0.0,121.25355001426416,0.0,0.0,218.4737972097386,1558.4739814322545,0.0,811.9764694747435,257.9707253749832,12.400804632557907,577.628628590428,0.0,0.0,5828.65645205821,540.5048250399688,2138.612050066688,582.4869487074258,199.1848679115612,0.0,786.4681873028437,0.0,0.0,0.01,0.262571695583669,13634.091287815669
14BR005,190.5584994313268,0.0,72.03176941128483,200.12778917778832,0.0,2559.881220843202,0.0,0.0,424.54043056426656,0.0,0.0,286.78333132597805,446.4223797801708,33.87356690045576,696.2762529704448,5276.894227882809,278.76230396771354,0.0,2823.876672754379,0.0,0.0,43.61407423700589,0.058,0.1360808766375238,13333.642519246823
14BR008,3000.555909604278,0.0,1578.725624181806,2603.973579428267,0.0,615.133057866356,0.0,619.3120041553228,14.362298654108915,0.0,0.0,149.8409130559418,1599.0558073962454,0.0,946.1487171371696,6136.920711199678,17.438864175398813,42.80153227738574,5874.766643353613,0.0,0.0,0.0,0.006,0.3143957495206314,23199.03566248557
14BR014,779.8600003857027,0.0,1688.01860533933,1143.307121148492,0.0,2719.1751113800915,0.0,1116.1494665376465,0.0,0.0,0.0,17.466832320778916,277.56807351911505,291.26077525820256,1546.4968032640702,6073.179056019784,1787.5451522626029,0.0,3383.4600366958925,0.0,0.0,357.6259447119249,0.13,0.082260277165414,21181.112978843637
15BR003,1303.886623414831,852.0666070393642,263.52697756178657,3510.274394578799,0.0,6304.0873614096645,378.8074290527357,2953.186319356434,0.0,236.5203941017616,0.0,0.0,2853.614260655978,0.0,1986.8541350915227,7969.605085068316,1824.6165639515843,0.0,3602.7512346895264,0.0,0.0,0.0,0.01,0.2510238751270015,34039.797385972306
16BR012,265.7823924675743,0.0,0.0,835.0619215495698,0.0,2299.65424234182,0.0,542.4209108636961,352.6727175091715,84.7094129495291,0.0,465.1267531499059,0.0,3028.6988547834485,1566.279607159816,4422.053464375073,20.508620639153136,0.0,2087.4293548039827,0.0,0.0,0.0,0.01,0.26391654803645,15970.39825259274
18BR002,0.0,0.0,241.73951563748747,3803.023703844455,0.0,2416.153523695856,868.6527525935693,765.6914485179262,761.848263698702,1411.156731715186,0.0,0.0,0.0,5707.547985468007,3731.643961627972,11623.337679763168,0.0,0.0,1673.0647383250769,0.0,0.0,187.73674110498396,0.0,0.623000608046866,33191.59704599239
18BR003,1351.266549337597,0.0,83.30573949683937,7818.49162355757,0.0,1419.1357919229702,837.0558139323532,1794.4094208914128,1960.028912211779,4197.062547402062,0.0,1669.4902579622265,0.0,2479.625398088617,4151.26884962174,4991.584743393997,1245.334819591061,0.0,4345.580299529227,0.0,0.0,589.4296283538458,0.002,0.4546316320917753,38933.070395293296
18BR004,4.141918778942927,0.0,33.98533858822791,110.45460266663429,0.0,1023.0540959115592,93.1613198913172,211.0898530873244,928.5171207625864,0.0,634.6471679332984,0.0,22.590743712054174,3773.613473941054,264.98494427004573,2251.1356283891987,155.496016624643,0.0,2193.452225440122,0.0,0.0,0.0,0.03,0.1933385397566628,11700.324449997008
18BR006,341.7919746725706,590.6167588389675,0.0,191.84931081132976,0.0,554.0644606691071,341.8349438567738,237.72465305425968,1220.7721968252456,809.1868492395828,236.5324597903508,0.0,0.0,6214.717984063044,1794.3160980192283,10243.511867815789,515.0160114445328,0.0,1712.258682838284,0.0,0.0,0.0,0.0,0.5055787538959928,25004.194251939065
18BR007,1528.4635083592375,0.0,522.3583992948745,874.3647363474767,0.0,1732.3592498457188,339.75674910707573,1017.1195827148424,766.5061702229495,559.8604640088843,0.0,495.5036601651508,0.0,8718.929610818908,2751.3235406723825,5086.145570601747,423.27275442490975,0.0,2954.6148186581536,0.0,0.0,421.8418750268176,0.03,0.1888028953849125,28192.42069026913
18BR009,1968.5670418943675,1180.3723674799346,754.1703780035953,6181.0748202237855,0.0,9529.666765168278,1546.0380697047278,1483.3874338730195,666.290538873478,4290.017042354349,0.0,2414.675982637466,0.0,0.0,4080.218599249308,8476.79484575032,4765.147624482488,0.0,4137.250415237942,0.0,0.0,351.9129112603572,0.002,0.4264492106103162,51825.58483619342
18BR010,602.6699652285429,0.0,0.0,10.469975225256984,0.0,2748.187958541286,287.3688137098119,837.9476040715571,50.008888610562,194.94179704945225,0.0,0.0,0.0,2637.848644531798,1302.107418162168,8023.676267488905,1185.109103532723,0.0,1252.8953732930431,0.0,0.0,352.0119605598577,0.006,0.2980905092829095,19485.243770004963
18BR016,311.0030762488093,0.0,20.189780866603456,322.5123321024375,0.0,910.6911138825404,0.0,394.4715940009207,42.95258079239471,823.6443178063527,0.0,0.0,0.0,3231.1861081395195,556.6206666905936,4666.865944115545,317.19972608926287,0.0,2227.069588881576,0.0,0.0,6.481743229212204,0.002,0.3415094657608052,13830.888572845768
18BR017,1165.5955015833792,0.0,0.0,934.0441565720896,0.0,3647.218005173012,350.321173459804,1888.234723014404,2.6573377447709063,1201.6204501443533,0.0,86.2840364862411,235.94940750205805,1857.362884822336,2069.2883151577857,6240.684608610446,1472.157011709443,1807.640214891739,3795.3680841619616,0.0,0.0,117.41221599904216,0.006,0.2878593470119858,26871.838127032865
18BR019,1171.5602575565474,0.0,272.1128545833737,2404.183092591728,0.0,2987.3949691679986,0.0,1590.313254014875,0.0,449.8130803896238,0.0,460.6284806867558,439.9432599141804,0.0,767.603820342086,4659.231478922967,1217.669535738363,0.0,2046.0264293368732,185.06395054567992,0.0,25.257480730752388,0.064,0.1330890136013807,18676.801944521805
20BR001,0.0,174.11128728151934,193.3674199581182,915.1671776680164,0.0,3444.3250251557115,0.0,0.0,0.0,1351.7285378538013,0.0,1291.1550676736342,394.7809864687145,0.0,798.6875809719073,6469.725461003765,1000.1008715264608,0.0,2997.9836988434736,0.0,0.0,171.37496828323955,0.196,0.0584967649351309,19202.50808268836
20BR002,0.0,0.0,65.35864305840254,191.1768292034824,0.0,728.6011158374204,0.0,463.9282304044912,55.47055794846752,241.9648728586363,0.0,93.91181516447236,0.0,8841.101271998594,649.9098275179064,5704.255929647905,76.40249021395796,0.0,148.3671407709372,0.0,0.0,11.4012799439952,0.0,0.5225289962107323,17271.850004568667
20BR005,100.680592705032,0.0,21.08115775119141,1169.3481579517038,0.0,4419.34822537425,127.82332478411114,905.056170050642,0.0,232.89509421656177,0.0,206.65628122521787,0.0,1117.703808714852,1291.281620068028,4575.043303172369,3010.811168072825,0.0,1464.8579286455365,0.0,0.0,498.2131091491717,0.026,0.1995705089072341,19140.79994188149
20BR006,322.1299307466133,0.0,0.0,0.0,0.0,987.0198197329456,657.9184944367036,975.407971621238,0.0,842.3064426339092,0.0,0.0,89.97311520217869,1027.1716933225548,1352.7035902144569,2582.1619980376645,1651.704466667269,543.8409349817492,573.0046211953763,0.0,189.237365595078,1.0716782398366385,0.01,0.2422876537426429,11795.652122627574
20BR007,66.09179501571728,0.0,3593.4872888570144,757.4905626375888,0.0,7284.891801036128,539.9773246932505,687.1333749932912,0.0,1983.2335023490093,0.0,463.1505715627208,0.0,0.0,1391.550684906794,5386.149496102084,928.0624162119276,652.3068193209737,1970.185147930213,0.0,0.0,139.3606869215641,0.006,0.2944823424317058,25843.071472538275
20BR008,179.69390946585077,0.0,0.0,0.0,0.0,1234.3562158721325,0.0,374.7760196826747,0.0,188.94256917531808,0.0,0.0,599.9148901463515,0.0,680.7108876733523,8051.03105636278,1285.078624151016,48.62423590651053,271.80654001210496,0.0,0.0,192.0006202888418,0.002,0.3269248310565398,13106.935568736932
21BR001,1488.05437234635,0.0,6348.402987749158,9030.027964200834,0.0,0.0,957.892766204144,1885.847880421975,1914.335590171513,1446.2308909325673,0.0,211.6489512909476,0.0,339.32799404553964,1614.383593035211,5247.658517988529,122.77413254771542,0.0,959.1052042549728,0.0,0.0,0.0,0.0,0.4927359093839195,31565.690845189456
21BR002,188.76556307466555,168.54838005483438,0.0,2566.50601243079,0.0,424.9344555759946,139.9654039837938,1071.7868258119904,1811.3524737233936,175.94741830412588,0.0,387.4051738814079,1468.927014033099,5914.4839675324665,534.3738269162652,12026.815993112155,152.72017310433003,0.0,440.1138911285493,0.0,0.0,188.35271216155647,0.002,0.4577196374676494,27660.99928482942
21BR010,0.0,0.0,0.0,0.0,0.0,590.0357807060535,0.0,259.53352457884336,0.0,134.0865809881099,0.0,221.7795019237069,1551.7718714365783,0.0,246.3775946762794,3573.3445631757727,228.3085737437925,0.0,2134.390687179288,0.0,64.77672693610839,0.0,0.01,0.2668148472432824,9004.405405344532
22BR005,914.3745044178992,0.0,0.0,657.1470657780393,0.0,5515.653669615334,1799.829926032994,989.2709566614246,0.0,1378.94824631803,0.0,0.0,0.0,1040.7765880885845,3978.330668563113,6070.906825420063,5931.178610542239,821.2604687705802,1849.7439870374144,0.0,0.0,217.61318372177848,0.002,0.4371448148709381,31165.03470096749
22BR006,2095.2434553747444,0.0,2065.977218338431,697.8653343932327,0.0,4726.495336017911,67.90828284729096,1987.9237621541845,211.83758109191143,404.1700891462944,0.0,492.2809102329504,0.0,3840.96277598152,1565.6852264707422,4254.841832374142,1192.7938060929926,0.0,1692.0207824743145,0.0,0.0,0.0,0.028,0.1988187496235352,25296.00639299066
CPT000814,0.0,72.00022222858324,52.0938085604005,448.850113318769,0.0,0.0,180.3001454600021,2269.576029367753,490.3702785711045,631.6639064779238,0.0,847.8401923861124,0.0,7361.868630114356,1666.805854593525,833.0298795480127,0.0,0.0,0.0,525.8648346916298,0.0,0.0,0.018,0.2078853789470147,15380.263895318172
CPT001846,0.0,0.0,106.29629329567685,109.2998698146685,0.0,2047.1468899382464,0.0,0.0,0.0,0.0,256.3275041477879,36.802274432911695,0.0,6316.696790664775,354.3962345892203,8687.469039615054,1503.6426738633825,0.0,0.0,1358.0748451055506,0.0,48.903003064471854,0.0,0.49180422764588,20825.055418531745
